symbol,CEO,employees,HQc,HQs,founded,MC,PER,description,high,low,open,volume,yearHigh,yearLow,tags 

"AAAAA","Mellie Torphy",9246,"South Oleta","South Dakota",2007,904.63,"19.25","Rerum quam maxime sit et hic voluptatibus omnis provident maiores. Autem aut nihil repellendus cupiditate voluptatibus. Aut magnam ratione fugit doloremque quis ipsam dolorum. Molestiae eius sit velit nostrum consectetur reprehenderit adipisci.\n \rSint sint doloremque aut eius laudantium eos corporis veniam dolores. Porro incidunt reiciendis ea nihil. In natus dolore quia. Ullam reiciendis dolore enim sit excepturi blanditiis. Esse accusantium accusamus nemo voluptates quas molestiae enim asperiores.\n \rFugit commodi voluptatem laborum est expedita voluptatibus. Sit recusandae qui autem illum. Et aut enim. Accusamus molestiae officiis optio ducimus sit. Qui non consequatur vel praesentium. Voluptatem ad sint.","203.41",199.14,201.61,"36.21",237.68,174.97,["Oil and Gas","Video Games","Manufacturing","Banking","Technology","Semiconductors","Finance"] 

"AAAAB","Kaylee Goyette",19297,"Hubertfort","Washington",1971,880.76,"22.24","Aperiam qui qui sunt aut blanditiis et. Voluptate harum reprehenderit veritatis. Ut a dolorem sit quia. Enim incidunt tempore totam inventore eaque eos omnis non. Aut aut ducimus ex commodi quas harum dolor dolorem.\n \rAliquam fuga velit voluptas fugit et totam aspernatur. Recusandae sunt et optio quisquam esse iure nobis ullam vitae. Et asperiores labore incidunt. Eveniet veniam in qui quaerat enim perspiciatis sequi qui. Earum iusto dolor nihil.\n \rTotam sunt eos mollitia. Et autem eum voluptate et quos numquam quasi officia. Quia libero occaecati iste dolores neque porro sequi maxime dolores. Sit voluptatem natus. Hic neque magnam aspernatur quia ut. Et voluptatem molestiae quis odio ut cupiditate.","210.60",206.14,208.61,"9.50",244.68,181.97,["Manufacturing","Upcoming Earnings","New On TradeDesk","Health","Oil and Gas","Social Media","Automotive"] 

"AAAAC","Estevan Homenick",5589,"Haneside","Montana",1893,478.55,"57.66","Illum voluptas repellendus quasi non officia velit nam quis recusandae. Harum quia aut eum reprehenderit. Dolores sint iure tenetur odio atque est perspiciatis doloremque nisi. Quisquam voluptatem vel molestias aliquam voluptates molestiae dolorem. Et autem rem voluptates rerum aliquam incidunt sint eos numquam. In nam inventore sit.\n \rConsequuntur similique reiciendis neque. Pariatur deserunt quos fugiat. Quo consequatur blanditiis sed. Qui dolorum sunt est rem.\n \rOmnis mollitia facere quia. Assumenda neque vel fugiat ea deserunt. Non aliquid atque et natus et deleniti aliquam quam laboriosam. Ducimus minima ipsa. Delectus delectus eius consequuntur vel reprehenderit qui velit temporibus. Rem corrupti atque illum enim aperiam eius.","210.08",206.14,208.61,"25.23",244.68,181.97,["Video Games","Software Service","Manufacturing","Consumer Products","Technology","Entertainment","Upcoming Earnings"] 

"AAAAD","Vance Swaniawski Sr.",16325,"Sonnystad","Alaska",1995,461.61,"55.15","Occaecati est sit non et cum in modi numquam officia. Eius vitae quia non quod ut ex. Quisquam accusamus eaque soluta. Odit aliquam qui esse sed minima. Ut consequuntur aut voluptatem.\n \rDicta voluptatibus rerum ut eos quos quae. Voluptatem vel voluptates atque dolore consequatur. In cum rem earum neque velit velit. Repellat beatae maxime voluptatem sint voluptate repudiandae dignissimos omnis atque.\n \rAutem quidem ipsam eum aut impedit aliquid. Assumenda fuga earum perferendis fugiat natus itaque. Sequi quo molestiae ut ab maiores quam.","105.49",101.14,103.61,"5.76",139.68,76.97,["Video Games","Finance","Food","Oil and Gas","Pharmaceutical","Consumer Products","ETF"] 

"AAAAE","Lesly Brakus",2960,"Adamsberg","Florida",1971,342.84,"58.33","Voluptates voluptate aut et. Voluptatibus et et. Labore consequatur repudiandae nesciunt amet voluptatibus. Molestias commodi eligendi aperiam.\n \rA dolores error est et consequuntur minus beatae. Nesciunt ut fugit. Reiciendis veniam iure beatae quos. Fuga aut totam et debitis aliquam et et asperiores aut. Quae numquam at sequi quia.\n \rIncidunt dicta id illum facilis temporibus eum vel. Rerum quas unde. Nulla corrupti harum. Fugit et explicabo omnis rerum quia commodi sit commodi.","184.86",180.14,182.61,"10.24",218.68,155.97,["Health","Social Media","Video Games","Electronic","Technology","Entertainment","Internet"] 

"AAAAF","Geovanni Bergnaum",2628,"Friesenmouth","New Jersey",1919,341.2,"15.07","Ut quidem fugiat dicta commodi incidunt perspiciatis ex et sit. Sequi incidunt consequatur excepturi vel reiciendis quidem. Blanditiis iure et non quas neque.\n \rEnim ut sunt minus. Suscipit quibusdam accusamus fuga tenetur ipsa ex. Nam iure expedita similique corporis cupiditate delectus et qui ipsum.\n \rRerum minima repellendus ea nemo esse facilis ex. Vero est ut. Commodi sequi animi qui eveniet esse placeat minus exercitationem. Omnis non in ut voluptatum et nemo maxime exercitationem. Mollitia repellat commodi. Qui temporibus non.","77.55",73.14,75.61,"9.93",111.68,48.97,["ETF","Upcoming Earnings","New On TradeDesk","Internet","Manufacturing","Aerospace","Health"] 

"AAAAG","Demarcus Jacobi",5616,"West Katherine","Connecticut",1896,327.26,"49.03","Officiis modi asperiores asperiores. Et est omnis explicabo nam delectus voluptatem quo cum quam. Quae qui nobis ipsam iusto temporibus atque nisi. Ad voluptatem debitis exercitationem eius sunt perferendis. Explicabo nam beatae vitae aut asperiores quia. Eos sint magnam.\n \rRerum aut ullam nam quo. Id eaque deleniti qui eum sed. Et aut est autem at aut autem. Beatae voluptas et.\n \rAut non aspernatur quaerat modi voluptas illo. Rerum recusandae vitae et nihil est. Saepe enim quas ea officia cupiditate optio autem est voluptas.","94.31",90.14,92.61,"9.58",128.68,65.97,["REIT","Banking","Semiconductors","Oil and Gas","Upcoming Earnings","100 Most Popular","New On TradeDesk"] 

"AAAAH","Vanessa Grimes",5056,"O'Connerstad","Maine",1903,262.27,"64.68","Voluptas quasi ut. Veritatis aspernatur ut et error omnis minima. Distinctio suscipit sunt itaque debitis sunt qui quidem. Voluptas consequatur commodi enim vel quaerat ut iste. Ab repellat quaerat eaque omnis repudiandae laborum sed nihil. Quasi deleniti impedit omnis culpa.\n \rExplicabo voluptatem maxime asperiores quia qui harum et similique. Eius ratione omnis rem voluptate aut ut. Soluta libero hic consequuntur. Sunt doloribus maxime ad ab voluptas in.\n \rAlias et consequatur est ab facilis et. Eos asperiores saepe est qui consectetur. Esse illo dolores aut molestias incidunt. Totam blanditiis nisi.","136.06",132.14,134.61,"10.83",170.68,107.97,["ETF","Electronic","Automotive","Health","Aerospace","Banking","Entertainment"] 

"AAAAI","Elias Hilll",14319,"Jacobsstad","West Virginia",1931,250.4,"40.76","Aut totam non quasi eaque cupiditate ea ut inventore. Tempora omnis vel atque occaecati ut. Culpa aspernatur et voluptatibus et impedit itaque quas consequatur placeat. Quis in voluptate maiores tempora. Dolorum quod ducimus vitae ipsum explicabo est voluptas iure.\n \rQui consectetur consequatur cupiditate rerum. Possimus alias voluptate dolor ut mollitia amet facilis iste est. Et et quia. Cupiditate qui omnis earum atque quaerat eligendi molestias non quibusdam. Facilis maiores laudantium.\n \rCum veniam quae distinctio praesentium ab dolorum aliquam. Deserunt consequatur ratione voluptas est qui expedita omnis. In ipsam maxime id qui voluptatum ullam. Optio unde quae et. Autem debitis aut delectus id inventore debitis. Similique magni et.","267.64",263.14,265.61,"2.31",301.68,238.97,["Technology","Pharmaceutical","100 Most Popular","Manufacturing","Entertainment","Video Games","Electronic"] 

"AAAAJ","Tito Hettinger",18237,"Kertzmannshire","Mississippi",1968,240.32,"88.91","Labore quam dolores maiores officiis sunt. Reiciendis maiores et. Enim ducimus porro id. Consequatur consequatur quaerat sint dignissimos dolorem neque et rem officia. Quia ducimus minus rerum nihil quasi nihil consequuntur.\n \rMagnam sit odit quisquam est eos commodi cumque ex. Aut qui id perspiciatis cum. Eum soluta velit.\n \rExcepturi sunt impedit natus ut rerum rem facilis. Ab eius quaerat omnis rerum non odit sit. Vitae rerum enim voluptatem adipisci ut et voluptas magnam esse. Consequatur dolore nisi commodi.","88.99",84.14,86.61,"11.21",122.68,59.97,["Pharmaceutical","Consumer Products","Finance","100 Most Popular","Social Media","Upcoming Earnings","Oil and Gas"] 

"AAAAK","Ahmed Hammes",11284,"North Edmundchester","New Hampshire",1934,222.6,"78.86","Ut sed quia eos temporibus. Magni natus impedit iure iure. Earum iusto reprehenderit quas sunt voluptates ipsam. Molestias animi repellat rerum.\n \rSed enim et qui non veritatis non aut enim. Asperiores deleniti eum at a et iure fuga corrupti. Sit corrupti libero molestiae ut nemo ut molestias fugit molestiae. Iusto et pariatur vero facere laudantium dolores laudantium.\n \rConsequuntur ab animi consequatur ducimus magni aut quam fuga. Ea ut ut. At iusto quos minus et optio dolores molestiae excepturi quasi.","184.49",180.14,182.61,"29.48",218.68,155.97,["Internet","New On TradeDesk","Oil and Gas","Materials","Electronic","Video Games","Software Service"] 

"AAAAL","Dana Friesen",15721,"Lake Leola","Connecticut",1950,235.5,"89.89","Doloribus aliquam nihil iure nulla et et totam. Nesciunt deleniti vel. Quis temporibus officiis ut optio nulla ea. Et explicabo est et dolorum. Voluptatem quam distinctio sit illo ex ea debitis officia eveniet. Nobis architecto voluptatem non dolor suscipit aut possimus eius.\n \rEst eius eligendi. Hic qui quidem. Accusantium nisi aut neque ut molestias magni. Et quod aut nam et velit numquam est qui est.\n \rMinus amet beatae ipsa eum consequuntur autem voluptatibus. Est enim expedita sed minima est maiores ut autem. Vero voluptas aut et ut consequatur unde eos. Nemo voluptatem reprehenderit accusantium ut vero optio est deserunt fugiat. Mollitia a non molestiae aperiam beatae sed.","149.23",145.14,147.61,"28.27",183.68,120.97,["Upcoming Earnings","Internet","Semiconductors","100 Most Popular","Materials","Health","Social Media"] 

"AAAAM","Britney Conroy",6383,"O'Connellhaven","North Dakota",2003,234.32,"78.57","Aliquid porro quis unde iusto veniam optio mollitia nostrum et. Quia aspernatur ea et facilis dolorem quasi aperiam. Quia qui ad. Delectus laudantium occaecati. Occaecati autem consequuntur modi et magni consequatur totam.\n \rExpedita sit blanditiis. Sapiente ratione vitae et odit voluptatem est iste. Omnis ipsa repellendus voluptate quaerat porro in. Minima incidunt soluta aut placeat voluptatem. Dolorum quo expedita laudantium ab aut dolor quia distinctio pariatur. Quibusdam unde cupiditate corrupti eos ratione.\n \rExplicabo dolores corporis cupiditate iusto accusantium. In ut ut architecto delectus. Eligendi quia et eum dignissimos est dolores consequuntur molestiae ducimus.","169.84",165.14,167.61,"28.81",203.68,140.97,["ETF","Materials","Software Service","Video Games","Consumer Products","Food","Electronic"] 

"AAAAN","Carmine Torp",8938,"East Jordane","North Dakota",1969,228.66,"10.81","Aliquid at consequatur qui repudiandae. Blanditiis est quia velit. Nisi perferendis dignissimos vel aut voluptas ut aut non assumenda. Facilis rem officiis et quia ea dicta voluptas occaecati vero.\n \rSuscipit excepturi ad blanditiis omnis et. Aut error qui autem laboriosam id possimus. Ab quas voluptas error.\n \rDeleniti nemo nihil exercitationem. Autem et voluptas sit nostrum dolores nulla quo saepe. Velit nihil sint est magni sapiente ratione repudiandae cumque. Nihil debitis provident a id iusto libero. Earum voluptatibus incidunt provident. Alias iste quo et.","287.79",283.14,285.61,"11.67",321.68,258.97,["100 Most Popular","Health","Electronic","Materials","Aerospace","Entertainment","Consumer Products"] 

"AAAAO","Ada Schuster",14467,"East Raeganmouth","West Virginia",1997,214.03,"52.75","Rerum ducimus maiores. Ipsam nemo consequuntur quasi. Temporibus quibusdam exercitationem at aut consequuntur a nemo. Veritatis placeat qui.\n \rDolor et placeat et ipsum quas fuga. Et et porro molestiae quaerat facilis ex dolores accusantium at. Eligendi at ullam. Recusandae nostrum voluptas dolores sequi repellendus accusantium doloribus aut. Eos ipsa vitae inventore eos enim nobis sint laboriosam.\n \rVoluptas et sint eaque error qui inventore ipsa aut. Aliquid magni modi. Ut pariatur ab omnis. Ducimus dolor qui sunt ea. Ut architecto temporibus dolore quo officia sed ut aperiam eos. Ea ut et illum iusto ut soluta iste architecto est.","231.23",227.14,229.61,"28.81",265.68,202.97,["Health","Software Service","Entertainment","Automotive","Materials","Semiconductors","Upcoming Earnings"] 

"AAAAP","Darrion Wolff",12704,"South Fridaberg","Montana",1978,209.07,"41.93","Ab repudiandae vel aut at voluptas dolor non nemo repellendus. Eos in id inventore quod. Rerum et odio est voluptate repudiandae et.\n \rError excepturi et. Est ut ea iusto maiores. Explicabo labore eius provident doloremque natus iste dolore quo omnis. Harum exercitationem nihil facere est ipsam. Perferendis quasi nam.\n \rEaque modi quis. Soluta occaecati et. Delectus aut dolorum. Dolores sit officia nemo. Ratione eaque et molestiae incidunt. Aut consectetur incidunt quia odit omnis hic et culpa.","267.35",263.14,265.61,"11.31",301.68,238.97,["Food","Materials","REIT","ETF","Technology","Health","Consumer Products"] 

"AAAAQ","Jayde Nienow Sr.",17204,"Abbottbury","Connecticut",1880,208.36,"43.26","Corrupti mollitia ipsum aut sit sit. Qui alias rerum quibusdam. Repellendus vitae voluptas ut at et. Doloribus quia aspernatur aut iste nostrum iure. Ea voluptates veniam totam aut.\n \rRerum expedita tenetur sed et impedit et possimus et minima. Ipsa aliquid dolor. Maiores quasi doloribus molestias non dicta dolor quia. Aut iste aut ut non nesciunt eum. Dolor est recusandae maxime. Adipisci omnis consequuntur et beatae assumenda.\n \rNam eos reprehenderit qui natus. Voluptates ab dolorem qui quos optio architecto dolorum qui. Veniam dolorum aut amet explicabo numquam. Reiciendis voluptatem sit odit dolores. Nihil eos et repudiandae.","153.39",149.14,151.61,"13.45",187.68,124.97,["REIT","Entertainment","Retail","100 Most Popular","Banking","Automotive","Semiconductors"] 

"AAAAR","Ms. Tyrel Konopelski",16410,"New Mitchellstad","Georgia",1921,199.39,"19.30","Est aut et ut laborum voluptas esse rem. Officia recusandae aut corporis magnam molestias. Enim velit quaerat et rerum consequatur ducimus voluptate. Occaecati dolores corporis nisi harum ipsam.\n \rProvident quis dolor veritatis. Facere est officiis. Quam quaerat debitis dignissimos non incidunt. Ab doloribus commodi rerum in repellendus quis nihil asperiores quibusdam.\n \rEius expedita corporis odit quam iure dolor. Enim alias fuga quo quod sit et veniam ad. Repudiandae blanditiis fugit voluptatem. Rerum incidunt consequatur voluptatem dolores.","176.95",172.14,174.61,"18.42",210.68,147.97,["Electronic","Internet","Retail","ETF","Social Media","Pharmaceutical","Automotive"] 

"AAAAS","Stuart Thiel",14941,"Gerholdtown","Louisiana",1913,197.99,"52.50","At vero quas fuga sint repellendus. Sunt quae ea neque autem. Blanditiis placeat magni quo dolorem dolorem ad qui architecto. Asperiores nobis doloremque quam temporibus.\n \rAut quidem blanditiis ut recusandae eos. Iste illo fugiat quas omnis libero rerum modi dolor. Dolores qui nulla totam amet alias atque ratione saepe doloribus. Laboriosam iste omnis et quia dolore suscipit. Enim rem dolores qui. Nulla consequatur commodi aliquid dolorem.\n \rConsequuntur repellendus quasi iste cum illum et. Quisquam adipisci laudantium rerum tenetur rerum. Dicta consequatur sunt. Temporibus et eos labore quia. Minus natus quod itaque.","66.04",62.14,64.61,"13.70",100.68,37.97,["Retail","Software Service","Oil and Gas","Manufacturing","Semiconductors","Finance","ETF"] 

"AAAAT","Esperanza Waters",11575,"Funkfurt","Tennessee",2003,182.09,"16.75","Totam at sapiente mollitia tenetur aliquid eveniet explicabo repudiandae. Quisquam voluptatem qui ab at quae quas repellendus unde distinctio. Laudantium quia soluta molestias ipsa atque doloribus facere optio id.\n \rDolores nisi eos veritatis esse voluptates voluptatem eaque vitae. Cum qui reiciendis. Officia quis aut minus aperiam aut sint mollitia temporibus in. Culpa qui voluptate vero minus officia. Aut facere sint corrupti. Architecto similique id impedit similique aut modi.\n \rMinima nulla vel ut inventore vitae. Odio ducimus aut neque et. Ipsum maiores repudiandae et sit iusto officiis delectus voluptatem. Iusto et alias recusandae iusto aperiam veritatis.","88.79",84.14,86.61,"24.11",122.68,59.97,["Consumer Products","Video Games","Software Service","Oil and Gas","Upcoming Earnings","Semiconductors","Pharmaceutical"] 

"AAAAU","Bernhard Altenwerth",19947,"Jimmiebury","Delaware",1899,179.36,"30.99","Dolorem reiciendis vero cumque esse esse. Est sit incidunt sit est corporis. Corrupti in asperiores nam facere est animi dolores optio.\n \rEt accusamus consequatur ipsum. Assumenda et nam odio rerum quia asperiores dolore. Voluptatum assumenda laudantium tempore.\n \rSed eius magni minus dicta ipsa unde sunt ducimus. Nisi amet et libero dolores sint nulla. Neque et nesciunt tempora numquam earum. Quasi ullam et rem quas incidunt porro aut ut. Eaque necessitatibus aut.","239.74",235.14,237.61,"9.38",273.68,210.97,["Health","Aerospace","Automotive","REIT","Retail","Social Media","Internet"] 

"AAAAV","Sienna Bauch",7375,"Onaberg","Florida",1961,157.16,"21.46","Asperiores repudiandae sint. Vitae officia dignissimos. Accusantium repellendus officiis ducimus qui dicta quis. Illo placeat aut qui neque et corporis atque vel. Dolor amet sed provident quis architecto.\n \rLabore iure itaque dolor enim dicta laboriosam numquam cupiditate architecto. Quis repellat est et consectetur voluptatem placeat consequuntur earum. Assumenda quis vero. Dignissimos inventore minus in omnis delectus beatae repudiandae cupiditate alias. Voluptatem culpa praesentium. Ut similique reiciendis explicabo.\n \rEt quasi qui ut doloribus illo non suscipit est. Exercitationem rerum eaque. Id qui nemo. Consequatur laudantium inventore aut ab.","283.35",279.14,281.61,"36.90",317.68,254.97,["Food","Consumer Products","Finance","Software Service","Video Games","Internet","ETF"] 

"AAABA","Catherine Baumbach",12811,"South Jacklyn","Wyoming",1995,143.28,"36.16","Expedita expedita quos deleniti quo veniam. Consequatur sunt eaque earum explicabo exercitationem velit nam ex. Omnis repellat consequatur quo explicabo accusantium amet. Quia porro sit quia maxime numquam nisi.\n \rUt est odio sed perspiciatis omnis. Modi architecto est. Qui ipsam consequuntur. Et excepturi incidunt. Et atque saepe.\n \rAccusamus beatae dolorem nihil. Hic qui aliquam nihil deserunt repellendus nulla possimus ullam. Debitis nemo recusandae ut dicta. Ducimus perspiciatis at rerum vel. Vel perferendis soluta. Error minus recusandae ut sint quod.","97.31",93.14,95.61,"7.29",131.68,68.97,["Energy","Pharmaceutical","Health","Video Games","Upcoming Earnings","Food","Aerospace"] 

"AAABB","Chase Waters",8925,"O'Konland","Arkansas",1943,131.22,"55.66","Est repellendus architecto quasi id aut at. Magnam officiis earum laborum ducimus illo sit et. Voluptatem eum et rerum fuga earum in. Quia totam laboriosam ipsam ullam eligendi aut modi eaque. Ipsum provident quae tenetur.\n \rAd quo fugit quia occaecati eum delectus. Autem est aut accusantium accusantium. Molestias sit deserunt suscipit non dolores nulla facilis ab ipsa. Earum eaque qui adipisci asperiores nulla repellendus rerum odio consequatur. Impedit vitae consequuntur a eos ipsum quos dolores est. In qui ut ut.\n \rOccaecati quod dolore deleniti iure vel adipisci. Quae eaque nobis. Ea eveniet labore illum repudiandae quibusdam inventore assumenda. Cum qui at unde autem cumque non qui qui.","100.71",96.14,98.61,"10.79",134.68,71.97,["Finance","Banking","Semiconductors","Food","Energy","Manufacturing","Materials"] 

"AAABC","Aleen Ryan",10718,"East Gabeshire","California",1893,127.11,"46.82","Nisi nihil omnis vel. Odit alias molestias maxime temporibus nostrum non. Sit sed et dolorem voluptas voluptatum hic at. Voluptatem et magni sit et labore. Velit rerum assumenda minima sapiente. Dolorum doloremque veritatis dolore.\n \rVoluptatem neque qui nihil omnis et id. Pariatur non fugiat iure in atque. Nam aut repellat.\n \rError sed accusantium provident. Veniam molestiae veniam et quis facilis quidem rerum aperiam. Aut iusto ut et ea suscipit omnis voluptatem et rerum.","162.32",158.14,160.61,"21.19",196.68,133.97,["Video Games","100 Most Popular","Social Media","Internet","Food","New On TradeDesk","Entertainment"] 

"AAABD","Georgianna Kuhlman",4874,"Denesikbury","Mississippi",1896,122.89,"47.45","Qui magnam aliquam quidem aut consequatur quasi. Error rem sed exercitationem sed cum velit tenetur. Quam quod molestiae iusto aut quidem. Et et et possimus vero rerum ad. Qui maiores quod ut. Consectetur natus reprehenderit eos rerum ipsa sint natus accusantium culpa.\n \rDolores consectetur hic unde minus non perspiciatis fugiat recusandae. Tenetur aut voluptas adipisci expedita laboriosam maxime aliquid quae. Iste quasi ducimus consectetur corrupti dolor veniam molestiae non maiores. Veniam ut earum.\n \rLaudantium quia placeat reiciendis nihil beatae ex. Eum harum voluptatum et alias aperiam qui. Non sunt voluptas et reiciendis asperiores necessitatibus dolore repellendus. Qui sed cupiditate ad quasi velit dolorum est et beatae.","56.62",52.14,54.61,"33.11",90.68,27.97,["Software Service","Social Media","Internet","Health","ETF","New On TradeDesk","Food"] 

"AAABE","Donna Ward",14390,"Fritschfurt","Wisconsin",1899,119.9,"37.60","Quia quas adipisci deserunt consectetur quo perspiciatis veritatis dolore. Esse ratione culpa dicta iusto dolores dolore est. Nostrum officia dolore aperiam. Sunt consequatur voluptas dignissimos odit quibusdam.\n \rEt possimus et debitis voluptatem eos ut ducimus nisi veritatis. Porro aliquid fugiat deleniti ipsam iure quia. Officia est non. Repellat delectus quidem atque aut occaecati nesciunt et blanditiis.\n \rNecessitatibus alias odio cum enim. Ipsa ex dolor magnam quis sed ut. Explicabo est cum et perferendis illum cum rerum odit soluta. A nihil sit labore consequatur aut dolorem odio et minus. Dolore quo laboriosam.","182.56",178.14,180.61,"19.33",216.68,153.97,["Food","Video Games","New On TradeDesk","Entertainment","Software Service","ETF","Materials"] 

"AAABF","Iliana Lakin",8557,"Blakefurt","Minnesota",1988,107.18,"66.41","Error non corrupti sint quis inventore facere ipsa. Ipsam neque numquam maxime. Rem eos iste odit dolorem autem consectetur enim et rem.\n \rVoluptatum aut voluptatem minima aut. Sit dolor porro ad. Vel ad eum distinctio est debitis quo minus ipsam.\n \rHarum repudiandae quod enim quasi quisquam id officia nemo quis. Quae quas qui atque ut voluptate laborum. Quasi facilis quia dolorum qui molestias voluptatem. Nostrum tempore iure velit ut sequi autem eveniet qui exercitationem. Voluptatum voluptatem ut minima assumenda aut fugiat officiis.","142.59",138.14,140.61,"10.16",176.68,113.97,["Internet","Oil and Gas","Upcoming Earnings","REIT","Social Media","Technology","Semiconductors"] 

"AAABG","Elnora Green",1322,"Nolaview","Utah",1962,106.77,"79.68","Maxime iusto ex sit omnis vel sint. Reprehenderit deserunt et maxime possimus. Voluptatem incidunt magnam possimus quis.\n \rNostrum aut nihil quasi repudiandae quisquam rerum et rerum. Quia minima aspernatur praesentium exercitationem qui qui. Ut quo asperiores nihil. Ut et modi quia in ut non aut ducimus architecto.\n \rVoluptates magni neque alias repellendus eius rerum minima laudantium. Et non illum dolore qui atque dolore. Aut fugit odit. Provident cupiditate tenetur et et esse. Explicabo rem quia qui nostrum.","162.26",158.14,160.61,"37.53",196.68,133.97,["Banking","Finance","Health","Consumer Products","Social Media","Energy","Entertainment"] 

"AAABH","Sarah Dicki",13594,"Magnoliaview","Ohio",1880,106.41,"82.17","Corporis aliquam numquam blanditiis ullam aspernatur voluptatem enim. Autem voluptatem voluptatem totam et omnis. Et ut recusandae amet alias earum mollitia pariatur sint. Fugiat ipsa nisi vel sit dicta ad maxime eum.\n \rMaiores et vel nihil sed consequatur. Qui nisi aspernatur accusantium non quia excepturi modi quia. Deserunt tempora quae aperiam ducimus odio maxime. Veritatis quam quidem quia aut. Maiores sapiente et fugiat ut. Aliquid rem natus iure voluptates.\n \rConsequuntur assumenda dolorem similique. Vel sit corrupti voluptas et ullam nulla. Ullam commodi aut deleniti tempore autem in ipsum aperiam atque.","123.13",119.14,121.61,"36.70",157.68,94.97,["Health","Upcoming Earnings","100 Most Popular","New On TradeDesk","Finance","Retail","Electronic"] 

"AAABI","Ms. Doris Kunze",2187,"Adolfside","Maine",1924,103.09,"79.83","Earum quis ratione hic aliquam ut. Aut debitis quis officia. Iure quia maiores consequuntur ut eligendi. Voluptatum vitae velit.\n \rOmnis qui qui quisquam. Veniam nobis sint suscipit. Rerum iure est ipsa facere numquam. Exercitationem quia facilis voluptatem. Numquam autem ipsum.\n \rAut dolorem facilis in. In quis perspiciatis debitis praesentium laudantium voluptate. Molestias tempora recusandae eos voluptas dolorem aut facere deserunt minus.","211.15",207.14,209.61,"30.25",245.68,182.97,["Semiconductors","Entertainment","Upcoming Earnings","Manufacturing","Health","Materials","Software Service"] 

"AAABJ","Modesta Spinka II",1312,"New Makaylaburgh","Florida",1901,90.73,"29.09","Qui dicta nulla vitae nisi. Ratione voluptas est voluptatem. Qui pariatur voluptatem rerum mollitia est. Expedita eos natus. Repellat quasi possimus libero blanditiis necessitatibus. Qui odio et.\n \rEnim vel autem deserunt numquam quia fugit. Consequatur praesentium ullam animi omnis vel voluptate delectus maiores laudantium. Vero sapiente sit eveniet provident non rem atque natus nam. Commodi assumenda sunt maxime aut. Sed rerum ipsam aliquam consectetur provident id velit eum.\n \rQuibusdam nobis laborum unde dolorem exercitationem ullam dolores qui aut. Quaerat voluptas ratione officiis repellendus magni accusantium rem nisi vel. Error sunt delectus aut. Aliquid quae dolor est commodi quia. Tempore dolores rerum qui necessitatibus accusamus explicabo autem eum. Qui molestias doloribus dicta itaque labore non et.","215.70",211.14,213.61,"14.13",249.68,186.97,["Semiconductors","Entertainment","Energy","Health","Pharmaceutical","Manufacturing","Food"] 

"AAABK","Raina Balistreri",11439,"Cotyhaven","New Hampshire",1886,87.96,"79.34","Voluptas nisi quia quidem eum consequatur mollitia aspernatur qui. Ipsa fugit porro temporibus esse earum qui. Temporibus repudiandae eaque. Officia quibusdam earum odit fugit vitae sunt deleniti. Sunt corporis quasi corporis consequuntur modi voluptate.\n \rMinus tenetur fugit quidem rerum enim. Excepturi laboriosam possimus quia. Sunt hic eos voluptas voluptas maxime ipsum et non. Reprehenderit aut laboriosam. Quis architecto non et dolorem aut.\n \rAssumenda sit fugiat exercitationem eligendi. Id velit numquam. Dolorum perferendis non odit quos nesciunt debitis. Nobis magni quibusdam veritatis provident quae voluptatem officia.","64.47",60.14,62.61,"13.98",98.68,35.97,["Retail","Video Games","REIT","Consumer Products","Software Service","ETF","Materials"] 

"AAABL","Tiara Flatley",18383,"Lake Kolby","Arizona",1961,81.9,"37.67","Sint delectus optio molestiae. Sed ab reprehenderit amet. Quos sint voluptas tenetur officiis rem tempora harum quis. Commodi quis officia ab tempore labore dicta quod. Ducimus suscipit beatae voluptas nihil rem occaecati eligendi. Accusamus ut eum maiores.\n \rSed et omnis iure dignissimos magnam blanditiis. Voluptatibus et pariatur praesentium at fugit. Voluptatem rerum vel rem maiores maxime modi. Modi harum et qui et quidem eaque ut quidem.\n \rPerferendis aliquam quia consequatur. Tempora similique aliquam nobis voluptates. Quam veritatis minus. Aperiam et occaecati hic voluptates numquam. Architecto et voluptatem rerum praesentium iusto a iusto. Nam iusto provident ipsam praesentium dolores ipsam.","56.78",52.14,54.61,"23.80",90.68,27.97,["Manufacturing","Upcoming Earnings","Social Media","ETF","Food","Retail","New On TradeDesk"] 

"AAABM","Raquel Spinka",2212,"Zulaufville","Iowa",1883,78.92,"72.32","Voluptatibus est sed voluptatum dolores. Ipsum magnam qui. Qui fuga blanditiis quia quia commodi similique doloribus dolorem ut.\n \rAutem vel dolorem sit amet. Molestiae occaecati sit ipsa natus iste. Dicta officia vel consequatur ducimus excepturi pariatur doloribus nobis. Ut libero voluptas quae nihil eos temporibus. Excepturi alias doloribus harum omnis cum atque cum expedita aut. Quo voluptatibus esse sapiente corrupti officiis dicta nam expedita.\n \rBeatae facere neque ullam consequatur et harum. Perspiciatis qui labore consequatur maxime ea laudantium praesentium in. Quia accusamus aspernatur eligendi recusandae id natus. Ut nemo deserunt sapiente assumenda voluptatem explicabo et debitis deleniti. Non repudiandae est voluptates eaque similique quasi dolores nemo.","81.40",77.14,79.61,"36.59",115.68,52.97,["Consumer Products","REIT","Social Media","New On TradeDesk","Manufacturing","Video Games","Automotive"] 

"AAABN","Arvilla Steuber IV",11943,"Port Cleora","Nebraska",2005,77.77,"24.88","Sed voluptatibus atque ut et consequatur. Rerum doloremque aliquid dicta voluptas illo esse unde maxime. Dolor odit nemo nisi eligendi ad error nihil eligendi. Nulla omnis voluptatem ex nulla molestiae nemo ut.\n \rUt tempore possimus officiis sed. Quidem repellat dolores adipisci quo est aspernatur quo quod. Temporibus sed culpa fugit iste. Impedit ducimus velit laboriosam voluptates consequuntur ea. Officiis et explicabo.\n \rVelit id facere ut ea atque vel soluta neque eveniet. Earum unde earum qui provident repudiandae. Dolor occaecati quasi ullam et. Voluptas sunt ea dolorem neque aut maiores. Accusantium adipisci sequi impedit ut nihil ut et ad voluptatem.","84.95",80.14,82.61,"27.86",118.68,55.97,["Upcoming Earnings","Aerospace","Oil and Gas","Manufacturing","Internet","REIT","New On TradeDesk"] 

"AAABO","Dovie Bailey",2290,"Nathanmouth","Florida",1960,77.62,"44.87","Ut est voluptate qui sint. In accusantium sunt ut aut explicabo nulla velit autem ratione. Distinctio et at dolores soluta qui placeat praesentium. Optio at quaerat quae qui aut ut magni maiores. In qui rerum sit.\n \rIn saepe consequatur aliquam asperiores officiis voluptatem quia expedita repudiandae. Nostrum magnam voluptatibus et corporis reprehenderit. Earum enim ut quos repudiandae officiis laudantium ut repellat nemo. Nesciunt ut ut quidem magni aut itaque adipisci praesentium. Ullam sit consequuntur architecto temporibus blanditiis numquam molestiae.\n \rDolorem voluptates voluptatem. Sed voluptas voluptas et quia recusandae non delectus quod. Dolor in et dolor vel et sapiente sed fugiat.","157.00",153.14,155.61,"14.93",191.68,128.97,["Electronic","Internet","Aerospace","Oil and Gas","New On TradeDesk","Semiconductors","Retail"] 

"AAABP","Elian Parisian",14575,"Gusikowskifurt","Oregon",1986,75.37,"55.20","Consequatur ut autem at in adipisci accusantium ullam nihil qui. Omnis adipisci cumque qui suscipit dolorem. Optio autem asperiores sint impedit nam. Enim et qui. Tenetur ex deleniti eos dolorem placeat rem quia. Eos dolor animi qui modi quam.\n \rUt harum vel totam. Quo ducimus eveniet explicabo voluptatem qui. Dolor quia ratione omnis eveniet.\n \rNihil sed neque aut non rem consequuntur officia vero. Corrupti consequuntur facilis id sint atque. Ut et dolor necessitatibus fugiat tempora illo. Laudantium dolores voluptate. Maiores enim modi ut aut.","274.19",270.14,272.61,"32.19",308.68,245.97,["Health","Internet","Food","Pharmaceutical","Consumer Products","Entertainment","Retail"] 

"AAABQ","Margarita Christiansen",16587,"Port Estefania","Utah",1949,71.56,"16.82","Inventore fugit quia commodi quas nihil commodi quas. Molestias velit dolores eligendi aspernatur. Odio doloribus blanditiis incidunt repudiandae est.\n \rFacilis eligendi velit eos. Voluptatem facere deserunt ipsam aliquid eligendi culpa voluptates ab. Voluptatem voluptatem impedit odio. Ea ipsum ut non. Qui enim hic asperiores molestiae.\n \rQui laudantium inventore dolores et asperiores illum. Voluptates quia et. Aut qui quisquam aperiam asperiores iusto qui porro.","173.79",169.14,171.61,"36.20",207.68,144.97,["Automotive","Internet","New On TradeDesk","Energy","Oil and Gas","Finance","Food"] 

"AAABR","Lydia Macejkovic",19455,"Collinshaven","Oregon",2008,71.9,"69.90","Quidem non occaecati eaque natus eum. Quibusdam omnis in earum molestias rem sit repellat veniam. Quod cum cupiditate dolores unde. Reiciendis vel reprehenderit dolores vitae necessitatibus aliquam aperiam qui. Eos corporis quibusdam vero molestiae iusto dolores rerum magnam ipsam. Consequatur aut nisi saepe sed dolorum velit ipsa.\n \rVoluptatem labore est dolores molestias et possimus eum. Eum id amet sequi repudiandae eum odit. Aliquam exercitationem veniam soluta voluptatem. Qui laudantium quaerat. Enim quasi qui.\n \rMolestias aperiam qui porro eaque excepturi nemo sint. Debitis molestiae totam commodi voluptatum dolores totam quia aut alias. Numquam quibusdam velit. Consectetur cumque culpa culpa accusantium dolore deserunt.","94.55",90.14,92.61,"10.27",128.68,65.97,["Food","Health","Manufacturing","Finance","Electronic","Consumer Products","Retail"] 

"AAABS","Dewayne Jacobi",12029,"South Maribelton","Oklahoma",1927,71.84,"72.85","Aliquid sit ut nobis molestiae autem sed iusto. Soluta sed adipisci beatae maxime. Dolorum asperiores perspiciatis magnam laudantium error voluptatibus. Unde ut iure blanditiis pariatur velit quis voluptas. Et soluta consequatur autem similique.\n \rDolor similique repellendus. Sit qui porro ratione architecto. Ea repellendus et sint veritatis temporibus accusantium distinctio est architecto. Qui dolorem libero. At unde aut autem porro. Quia dicta accusantium ipsa doloribus.\n \rRerum quia expedita. Non sit ea aut est quia commodi perspiciatis neque. Totam doloribus voluptates.","240.57",236.14,238.61,"34.02",274.68,211.97,["New On TradeDesk","Social Media","100 Most Popular","Automotive","Entertainment","Video Games","Technology"] 

"AAABT","Leda Heaney",8882,"Turnerburgh","Wisconsin",2007,69.91,"49.84","Quidem soluta amet ipsam dolorum voluptatem. Est quis id rem ut atque reiciendis. Corporis ut minima rerum et ut est pariatur laborum. Quis animi eos quam cumque asperiores. Voluptatem quos omnis eos exercitationem.\n \rAut alias omnis eligendi veritatis minus nam qui. Non ratione quod illo pariatur nesciunt in dolores ut fugiat. Dolor adipisci sed incidunt aperiam vitae ea labore qui accusamus. Quam voluptas optio quo fuga vitae ea et. Quia nemo qui aut vitae.\n \rAut reprehenderit sunt repellat officia quaerat. Sed dolor dicta architecto facere sed repudiandae. Quia tempore blanditiis reiciendis illo soluta sequi esse. Adipisci quo facere delectus sit dolor.","291.06",287.14,289.61,"23.57",325.68,262.97,["Consumer Products","Electronic","ETF","Technology","Materials","Software Service","Semiconductors"] 

"AAABU","Duane Schoen",643,"Crawfordberg","Virginia",1922,70.19,"46.79","Quis doloribus libero et ullam maxime ut. Porro eos blanditiis eius non nobis. Harum ut tempora veniam laudantium itaque facilis rem modi. Sint molestias consequatur laudantium ea quo amet repellat dolorem sed.\n \rSit sequi commodi omnis odio natus non neque. Aliquid et unde voluptatibus dolores facilis reiciendis ut incidunt. Debitis vitae nesciunt animi sed porro hic architecto. Nam id occaecati omnis.\n \rMolestias rerum a sit ea quam aut nesciunt. Eum veniam dolor animi nihil accusantium eum est necessitatibus. Neque impedit non veniam fuga. Voluptatem consequuntur laboriosam. Est ut nisi ut debitis maxime dolor et dolore aperiam. Incidunt et facilis voluptates ipsum enim cumque doloribus.","226.15",222.14,224.61,"20.60",260.68,197.97,["Electronic","Social Media","New On TradeDesk","Manufacturing","Video Games","Semiconductors","Banking"] 

"AAABV","Dr. Barbara Morar",11755,"Wolfburgh","Mississippi",2004,22.96,"31.00","Quas et repellendus fugiat eum officiis error sit qui eligendi. Aut esse vero. Architecto aut aut vero consequatur aliquam officia.\n \rIncidunt rerum ipsum rerum officia perspiciatis qui. Libero animi nihil autem delectus. Mollitia sit reiciendis dignissimos quod qui quaerat impedit ad ea.\n \rNon atque enim et odio perferendis nihil. Eos itaque nostrum. Suscipit eum ut quaerat. Suscipit dolorum et.","97.92",93.14,95.61,"11.14",131.68,68.97,["Electronic","Internet","Upcoming Earnings","Manufacturing","Video Games","Finance","Semiconductors"] 

"AAACA","Kiley McLaughlin",13357,"Lake Domenicoport","Texas",2008,68.19,"89.58","Suscipit est ut doloribus incidunt eius sed autem. Dolorem corrupti aut nesciunt. Molestiae tempora facere tempore odio est iure quibusdam nihil. Voluptatem ipsum incidunt nam qui a consequuntur excepturi. Esse id dolorem est ex quis vero beatae officia. Voluptates quis mollitia ipsa dolores id illum adipisci velit.\n \rRem cum reiciendis recusandae sapiente quibusdam ut. Perspiciatis ut facilis modi tenetur natus tempore. Voluptatum laboriosam nemo.\n \rDeserunt nulla earum non et labore et at rem enim. Odio itaque ut quas ab aut officia nihil. Ut eius asperiores soluta veniam repudiandae.","255.79",251.14,253.61,"35.00",289.68,226.97,["Social Media","100 Most Popular","ETF","Health","Oil and Gas","Semiconductors","Retail"] 

"AAACB","Major Hilpert",8161,"Rosenbaummouth","Arkansas",1993,69.39,"55.25","A illo possimus libero odio ducimus officia voluptatibus quos ipsum. Numquam voluptatem nihil quo dolor. Aut perspiciatis dolorem ut quos numquam recusandae. Dolore illum qui exercitationem quo.\n \rSed asperiores eum. Et consequatur est cum est debitis voluptas inventore. Ad eos qui natus hic. In rerum ut. Praesentium omnis velit repellendus ut porro nisi voluptas quo ut.\n \rQuas corrupti dolor delectus porro. Deserunt eaque voluptatem minus eaque ullam. Qui consequatur itaque occaecati et dolorem et aliquam omnis. Quaerat totam architecto quia dolor tenetur animi rerum.","294.27",290.14,292.61,"16.86",328.68,265.97,["100 Most Popular","Retail","Food","Social Media","ETF","Video Games","Health"] 

"AAACC","Elenora Koch",11404,"Altenwerthstad","Hawaii",1972,64.43,"46.79","Illo esse non quisquam id sapiente excepturi porro et fugit. Dolorem autem numquam. Officia ducimus itaque id harum optio architecto. Perspiciatis dolore expedita nemo amet. Incidunt velit rerum autem porro voluptatem.\n \rSint numquam provident quas mollitia et eos. Ut ipsam asperiores voluptatem ut occaecati rerum eaque. Sequi dolorem qui odio sed. Vero qui est nesciunt eos est praesentium ut ut.\n \rVoluptas non et eum earum praesentium corrupti. Iste dolores nam dicta dolor. Odit odio esse quia ea enim. Soluta reprehenderit aut quis voluptatem impedit. Repellendus iusto dolorem qui. Laborum suscipit quisquam cupiditate eum corrupti assumenda libero id.","277.73",273.14,275.61,"25.48",311.68,248.97,["100 Most Popular","Automotive","Technology","New On TradeDesk","Energy","Materials","REIT"] 

"AAACD","Ida Ledner",12771,"East Cedrickton","Idaho",2000,59.66,"88.17","Eos quo quo nemo qui tenetur. Maxime officiis rerum nam voluptates ut omnis. Nemo omnis vero harum rerum minima est veritatis aliquid maxime.\n \rEarum sunt aut deserunt assumenda ea. Tempore et deserunt consequatur nostrum. Nisi labore aut. Maiores a rem.\n \rPorro sit et modi. Aperiam facilis rerum sunt dignissimos non itaque at aperiam. Sit adipisci temporibus.","86.97",82.14,84.61,"30.94",120.68,57.97,["New On TradeDesk","Entertainment","Oil and Gas","Aerospace","Technology","REIT","Electronic"] 

"AAACE","Lavinia Swaniawski",2829,"Lake Claybury","Utah",1942,58.41,"12.14","Qui molestiae dolore eos expedita eius suscipit corporis nihil distinctio. Consequuntur architecto et et expedita fugit sed inventore. Ut perferendis eveniet excepturi sit aut tempora minus. Doloremque aperiam inventore nemo excepturi culpa recusandae aut magnam. Rem illum quos. Aut enim iure quisquam.\n \rOmnis quia enim. Sit aut nihil. Minus doloribus impedit corrupti magni cum aut voluptatum. Dolor voluptatum est. In aliquid praesentium ea cupiditate ad consequatur ea sed nostrum.\n \rEveniet quaerat sunt dolor aliquam deleniti officiis libero. Est quidem omnis officiis voluptatem eos qui. Nihil aut ipsam explicabo non inventore ducimus labore placeat. Aut et enim aut similique deserunt. Suscipit consectetur error ut soluta ipsa perspiciatis eum.","56.18",52.14,54.61,"23.11",90.68,27.97,["Finance","Pharmaceutical","Manufacturing","Upcoming Earnings","Entertainment","Electronic","Energy"] 

"AAACF","Reba Okuneva",12629,"Lenoraborough","Pennsylvania",1957,59.33,"73.34","Et ut nesciunt labore sed eaque ipsam sed quasi. Quam et rerum laudantium ea voluptatem ab. Et molestias ratione consequatur aspernatur qui. A qui ut ut reiciendis eos quisquam cumque est.\n \rQui expedita quisquam doloremque iste optio consequuntur eos. Doloribus sint ipsam modi optio et consequatur dolorem. Consequatur numquam architecto suscipit. Odio laborum est accusamus architecto qui.\n \rEius veniam in veniam commodi eveniet necessitatibus quaerat possimus cum. Soluta quasi assumenda nisi sint perspiciatis vitae. Quos iste reiciendis inventore sit assumenda adipisci velit.","138.43",134.14,136.61,"17.52",172.68,109.97,["Energy","Upcoming Earnings","Materials","Banking","Consumer Products","Internet","Electronic"] 

"AAACG","Dr. Brooke VonRueden",9414,"East Shaniya","Minnesota",1959,56.71,"19.81","Modi quis consequuntur tempore est ad sint animi omnis. Minima eos possimus minus soluta qui at labore magni delectus. Dolore ipsum sed. Veniam sunt delectus nemo beatae distinctio totam.\n \rDolor animi aperiam eveniet sunt tempora libero soluta. Provident impedit quae. Et architecto enim voluptatum sit perspiciatis. Magnam distinctio corporis officia in quis.\n \rAut maxime explicabo suscipit corrupti repudiandae magnam dignissimos natus. Commodi earum quia totam error magnam ex quo sint. Repudiandae sapiente similique vel esse sit.","205.46",201.14,203.61,"37.24",239.68,176.97,["New On TradeDesk","Materials","Entertainment","Semiconductors","Software Service","Automotive","100 Most Popular"] 

"AAACH","Ms. Shania Gottlieb",15088,"New Lupetown","Vermont",1955,52.44,"52.32","Culpa doloribus ut nemo dolor non magni provident. Eos voluptatem corporis ullam. Est placeat omnis et consequuntur. Qui in velit non rerum voluptate est eos in mollitia.\n \rQuam voluptas maiores earum et voluptate. Id reiciendis nisi dolores. At deserunt sit voluptatem sunt nobis iste ea. Reprehenderit ipsa eius assumenda. Corrupti voluptatem ad sequi soluta a odio quasi ab.\n \rEst et accusamus facere commodi omnis sint nam. Vero id voluptatem id doloribus. Ea consequatur pariatur fugiat. Non et excepturi. Consectetur ea dolor tempora cumque non minima et quisquam.","98.47",94.14,96.61,"20.64",132.68,69.97,["Pharmaceutical","Banking","Retail","New On TradeDesk","Technology","Aerospace","Automotive"] 

"AAACI","Robin Zemlak",585,"Kassulkehaven","Washington",1983,51.96,"30.25","Ut exercitationem maiores. Nulla odit dolorem commodi ut adipisci repudiandae est dolorem nobis. Beatae nulla omnis ipsam. Quis temporibus aspernatur nisi quia ut ea vel repellat.\n \rDolores eos minus atque. Sed accusantium autem repellat dolor. Consectetur illum eaque magni consequuntur architecto.\n \rNam quibusdam in fugiat. Iste laborum repudiandae harum. Soluta fugiat ratione dolor ipsum ut.","256.87",252.14,254.61,"16.07",290.68,227.97,["Video Games","Semiconductors","ETF","Retail","Social Media","New On TradeDesk","Consumer Products"] 

"AAACJ","Tamara Haag",11281,"Hartmannside","Mississippi",1925,82.24,"60.54","Quibusdam vel omnis consequatur corporis est minus. Nemo aut veritatis sit harum. Velit numquam accusamus atque quae. Corporis enim itaque neque. Quod dolorum nihil dignissimos aut laborum accusantium fuga.\n \rExcepturi corporis nisi quisquam odit omnis earum officia et quod. Nihil facilis quam sunt rem reprehenderit. Et in voluptatem. Similique praesentium qui et consequatur veniam. Fugiat illo et quia. Nam nihil dolore inventore et molestiae sunt nemo laboriosam.\n \rRerum enim velit. Consequatur voluptatem quis unde vitae quos omnis. Laborum ea qui rerum.","111.11",107.14,109.61,"36.17",145.68,82.97,["Energy","REIT","Internet","Entertainment","New On TradeDesk","Electronic","Food"] 

"AAACK","Roberto Kreiger",15999,"West Alvera","Maine",1953,50.28,"49.23","Doloribus tempora ut. Delectus atque et alias est enim eum sint. Expedita molestiae odio repellat dolore assumenda ex occaecati voluptatem ex. Magnam sapiente animi voluptatem. Molestiae harum assumenda accusantium. Voluptas eos consequuntur.\n \rQui odit qui adipisci nihil. Aliquid eum animi cum esse dolorum voluptatem. Ea et fuga. Eos unde iusto repudiandae minima molestiae necessitatibus atque. Culpa odio reiciendis iusto in.\n \rVoluptatem ea nesciunt est totam mollitia adipisci. Earum laboriosam numquam labore exercitationem vel. In odit ex quas laudantium eveniet. Unde et repellendus quo ut corporis tempora aliquam. Et quisquam voluptatem aliquid.","84.26",80.14,82.61,"21.01",118.68,55.97,["Finance","Upcoming Earnings","Software Service","Electronic","100 Most Popular","Manufacturing","Food"] 

"AAACL","Selmer Raynor",2991,"Lake Alexandriatown","Tennessee",1942,46.24,"59.07","Est perferendis quia beatae tempore et. Beatae et impedit sapiente suscipit eos modi quibusdam. Porro dolorum quia animi fugit sunt reprehenderit quia cupiditate voluptas.\n \rOptio eaque hic quia impedit et tempora consequatur. Dicta odit totam asperiores quis consectetur nemo excepturi. Molestiae veritatis vel nulla occaecati.\n \rEt repudiandae consequatur quos. Dignissimos dicta et est. Inventore aut cupiditate numquam delectus ducimus placeat quis dicta.","201.45",197.14,199.61,"20.80",235.68,172.97,["Health","Technology","Video Games","Software Service","Social Media","REIT","Finance"] 

"AAACM","Orlo Langosh",1560,"West Berenice","Vermont",1945,45.81,"21.67","Ipsum neque qui vel ipsa ut sit recusandae pariatur. Et dolorem quam. Nisi repudiandae numquam excepturi.\n \rQuidem nemo odio officiis vero. Harum consequuntur voluptatem molestias. Facilis incidunt ullam et in quia ut. Accusantium in harum.\n \rQuaerat sint voluptatibus earum. Iste labore animi velit non quae adipisci. Dolor velit consequatur provident. Dolorem earum cumque autem ullam aut reiciendis doloribus consequatur.","256.55",252.14,254.61,"7.79",290.68,227.97,["ETF","New On TradeDesk","Electronic","Food","Pharmaceutical","Consumer Products","Oil and Gas"] 

"AAACN","Brandyn Bruen",17398,"East Octaviaton","Connecticut",1913,45.47,"14.51","Rerum alias totam neque consequatur ut maiores. Quia voluptatibus ut ut cum ut atque praesentium optio soluta. Rem saepe consequuntur quia neque dolor autem unde. Quisquam nemo suscipit sapiente. Iure molestiae aut fugit animi.\n \rQui iste fuga odio enim maxime qui odio. Tempora quia iusto. Omnis aspernatur deserunt animi aperiam distinctio et et mollitia laborum. Cum placeat distinctio porro. Rem est odit id vero corrupti expedita. Consequatur quas voluptas vel maiores nobis.\n \rCupiditate quia illum. Aut aut omnis consequuntur qui magnam aliquid est tenetur pariatur. Voluptas voluptatem laboriosam. Odio eius illum voluptas.","256.34",252.14,254.61,"30.24",290.68,227.97,["Pharmaceutical","Health","Upcoming Earnings","Technology","Semiconductors","New On TradeDesk","Materials"] 

"AAACO","Lawson Okuneva",6034,"Bradleyville","Virginia",1965,43.87,"44.23","Minima eum placeat quod enim. Sit aperiam voluptatem voluptate consequatur. Veniam nihil pariatur sit voluptatem et molestiae illo.\n \rA repudiandae doloribus eveniet. Molestias ea et eum et quisquam asperiores omnis aut quam. Vel exercitationem aliquid et omnis. Quidem hic id praesentium dolorem consequatur ipsam. Id nihil eaque in illo iste quaerat consequatur distinctio. Hic iste occaecati ut iure.\n \rAccusamus officia nesciunt ea laboriosam debitis recusandae sit. Quibusdam eos quaerat placeat. Sunt unde autem repellendus aperiam ut sequi voluptatem eos eos. At minus et animi aut.","229.93",225.14,227.61,"27.30",263.68,200.97,["REIT","Software Service","Upcoming Earnings","Banking","Pharmaceutical","Video Games","Technology"] 

"AAACP","Earnest Herzog",11634,"Isobelchester","Montana",1916,44.62,"79.85","Odit at sit labore consequatur ratione eum sit. Sit aperiam necessitatibus deleniti neque. Facilis fugiat debitis nobis architecto tempora. Alias velit maxime.\n \rEx enim cupiditate eos sint dolores ipsum in temporibus. Nesciunt voluptates voluptatem deleniti neque cupiditate. Alias debitis consequatur dolore.\n \rPerferendis autem et saepe. Ut placeat quia voluptas reiciendis ipsam molestiae. Quas recusandae distinctio aut eaque earum. Fuga non amet. Sint ad culpa mollitia asperiores delectus.","219.35",215.14,217.61,"18.47",253.68,190.97,["Electronic","Food","100 Most Popular","Energy","Materials","Video Games","ETF"] 

"AAACQ","Anita Gorczany",4088,"Gusikowskifort","Florida",1885,41.69,"35.95","Qui quasi atque et nobis ut nihil vel atque. Reiciendis ducimus reprehenderit omnis aut mollitia excepturi. Quaerat quae aut occaecati excepturi quia aperiam eveniet eum hic.\n \rRerum ab incidunt quae vero quibusdam qui maiores. Maxime sunt ut enim aut facilis voluptate reiciendis. Vel expedita quae velit animi fugiat aliquam expedita. Est ratione id nihil minima. Facilis officia possimus odio autem ipsa. Voluptate rerum omnis voluptas voluptatum.\n \rNumquam illo aliquid minima minus fugit iure est. Quos similique eos nemo est voluptate maiores. Eius eum minus doloribus mollitia neque alias sapiente.","116.30",112.14,114.61,"35.32",150.68,87.97,["Energy","Aerospace","Retail","Internet","Electronic","Upcoming Earnings","Semiconductors"] 

"AAACR","Grace Schimmel",9938,"Stammstad","Wyoming",1950,40.11,"49.99","Non in quo excepturi sint aut minima. Vel culpa sunt perferendis similique id in harum. Repellendus placeat et esse.\n \rBlanditiis repellat animi deleniti iste est sit facere voluptas amet. Illum et quidem nulla dignissimos consequatur eius. Sunt et occaecati sunt incidunt veniam labore animi quas cupiditate. Sed cupiditate et quibusdam quo inventore. Quo rerum quia rerum recusandae qui unde. Velit molestiae quisquam mollitia.\n \rRerum dolore et quis quis. Beatae natus autem natus commodi quas. Rerum molestias dolorem. Officiis dolores deleniti ut sequi molestias unde vero odit ut. Est earum et ex est aliquid porro aspernatur numquam et.","178.25",174.14,176.61,"27.84",212.68,149.97,["Social Media","ETF","Electronic","Pharmaceutical","Video Games","Health","Semiconductors"] 

"AAACS","Adam Hartmann",17146,"Port Kenyatta","West Virginia",1909,40.02,"51.84","Expedita quasi accusantium. Occaecati repudiandae illum consectetur itaque sed sint est et. Facilis id itaque aut molestiae perferendis sunt id eaque tempora. Sint sint odio.\n \rMollitia modi voluptate et. Modi reprehenderit aut. Quis ullam et enim tempora optio et.\n \rIn repellendus libero temporibus id. Vero culpa suscipit quibusdam voluptate. Rem reiciendis debitis maiores ut doloremque blanditiis nostrum qui.","278.69",274.14,276.61,"7.99",312.68,249.97,["Electronic","Manufacturing","REIT","100 Most Popular","Consumer Products","Banking","Video Games"] 

"AAACT","Mrs. Carlotta Auer",5636,"West Derrick","Wisconsin",1920,38.62,"49.11","Natus nemo veritatis eum ut error nihil et. Iure ex autem nisi distinctio aut quia temporibus non. Reiciendis laudantium rerum officiis voluptatum animi. Consequatur qui ea explicabo culpa placeat et.\n \rTempora ut accusantium deleniti rerum sunt. Unde et beatae. Sit quam laboriosam expedita et quasi numquam et natus nihil. Tenetur possimus numquam.\n \rDistinctio non ut adipisci consectetur in quae expedita. Nemo architecto aut at. Explicabo placeat iure quia voluptatem. Laborum ut laborum et explicabo quasi.","117.90",113.14,115.61,"24.48",151.68,88.97,["Software Service","Pharmaceutical","REIT","Materials","Entertainment","Electronic","ETF"] 

"AAACU","Amely Feeney",4489,"Wizaville","Mississippi",1932,37.62,"44.17","Qui quia eum delectus voluptatem atque sint sit rerum. Asperiores maiores laborum fugit sunt esse rem modi. Officiis quis ipsum. Iste velit iure enim.\n \rItaque autem sunt perferendis eum velit dolor. Natus ratione et ut culpa quo non. Ab rerum accusamus dignissimos dolores saepe id corporis enim. Eius deserunt voluptatem blanditiis. Laboriosam dolorem cupiditate. Hic inventore quasi.\n \rQuo recusandae ad harum aut. Eum totam aliquam ex ut repellendus. Qui reprehenderit et at quas odio inventore modi. Et ipsa quaerat exercitationem eveniet ex iusto recusandae autem. Magnam ab esse et dignissimos. Aperiam alias magni quas qui nobis voluptatibus voluptatem.","232.85",228.14,230.61,"27.44",266.68,203.97,["Retail","Video Games","Finance","Social Media","100 Most Popular","ETF","Automotive"] 

"AAACV","Darius Klein",18677,"Mayershire","Iowa",1984,37.14,"77.30","Enim deleniti consequuntur ut quis mollitia vel odit dolores. Est provident ullam magnam asperiores placeat quibusdam nihil expedita necessitatibus. Atque temporibus inventore temporibus expedita. Aliquid aut veritatis voluptates natus rerum velit fugiat autem ea.\n \rAut cupiditate et. Sit aut quia. Impedit quia voluptatem. Vel vitae autem et dolorum odit veritatis laborum optio. Perspiciatis laudantium veritatis molestiae qui voluptas sequi.\n \rSuscipit deserunt aliquam cum molestiae porro perspiciatis error omnis. Quia quia et aut. At omnis quis adipisci itaque placeat a.","252.59",248.14,250.61,"2.29",286.68,223.97,["100 Most Popular","Pharmaceutical","Finance","Banking","Materials","Retail","Software Service"] 

"AAADA","Luigi Kuphal DDS",4245,"Handbury","Florida",1927,35.75,"33.16","Nostrum consequatur pariatur. Minus veritatis assumenda in temporibus labore nihil eos. Sit qui ut cumque sapiente natus consequuntur. Architecto veniam optio cumque dolor quibusdam architecto praesentium et magnam. Molestiae ullam consequuntur corporis tempore perferendis ea ullam quisquam.\n \rSoluta sit minima et qui praesentium et eos pariatur dolorem. Consectetur voluptatem in error culpa vero sapiente et sed exercitationem. Ad nobis ab consequuntur suscipit quam rerum odit deserunt ea. Excepturi maxime iusto. Cupiditate dolores qui hic officia hic sint. Doloribus quisquam distinctio quis qui voluptas et eum voluptatem.\n \rInventore repudiandae officiis ratione sit. Dolorem illo accusantium sapiente. Sint ullam libero ipsam nam. Nobis rerum tempora voluptatem iste.","216.50",212.14,214.61,"17.90",250.68,187.97,["New On TradeDesk","100 Most Popular","Automotive","Electronic","Entertainment","Aerospace","Software Service"] 

"AAADB","Walker Terry",19725,"New Antoniomouth","Oregon",1903,35.46,"21.68","Et id reprehenderit. Similique quidem beatae voluptate. Et ipsa ab porro nam ut dolor iste qui molestiae. Consectetur aut doloremque vel eius. Facere sit qui molestiae culpa quidem quia.\n \rIure consequuntur asperiores placeat omnis quis maiores qui explicabo architecto. Unde blanditiis facere autem ut voluptate rerum maxime. Incidunt qui nam occaecati quisquam rerum officia. Nihil fugiat in voluptas est aut natus reiciendis quasi dolor. Velit molestias velit et fuga praesentium voluptatibus totam ut.\n \rEst veritatis maiores velit ut quibusdam est. Illo harum maiores velit. Dolore pariatur et.","128.37",124.14,126.61,"31.76",162.68,99.97,["Oil and Gas","Video Games","100 Most Popular","Aerospace","Social Media","Consumer Products","Upcoming Earnings"] 

"AAADC","Ole Ferry",4841,"North Polly","South Dakota",1936,34.94,"30.96","Quisquam similique soluta modi non ut consequatur aut. Pariatur sit possimus. Ab perspiciatis dolorem possimus sed quia excepturi quisquam quas. Sed omnis voluptatem in voluptas mollitia.\n \rQuaerat distinctio ut aut cum est possimus nisi. Magni dicta consequatur est sunt. Odio quidem non cum id libero. Quia possimus fuga eum labore ab autem quos. Saepe harum dolorem dolor nam vero dignissimos. Blanditiis aut repellat et quidem ullam suscipit qui.\n \rVitae molestiae natus quam tempora consequatur ipsa deserunt assumenda. Aut sit dolore sit ratione rerum aspernatur dolores ratione. Aliquam voluptates ex deleniti voluptatem vitae. Ut et amet. Enim aliquam maxime quia.","145.58",141.14,143.61,"13.97",179.68,116.97,["Technology","Automotive","Consumer Products","New On TradeDesk","Video Games","Pharmaceutical","Materials"] 

"AAADD","Miss Ilene Medhurst",13226,"Lake Monaton","Massachusetts",1956,34.64,"75.80","Molestiae ab illo asperiores veniam. Dolore est rerum provident sunt ut sed. Laudantium inventore minima eos necessitatibus dolor. Labore deleniti optio odit saepe. Doloremque dolores saepe ad delectus.\n \rSunt praesentium laboriosam alias animi nam maiores. Distinctio ut et enim quasi qui enim. Iure itaque eligendi occaecati et. Minima ut vero. Id incidunt mollitia.\n \rNihil voluptas velit enim esse quibusdam. Tenetur deserunt adipisci esse explicabo quae sint. Ut est beatae. Culpa omnis possimus sint quasi explicabo. Quod nobis labore magnam omnis repellendus quae officiis sunt. Rerum nam et praesentium natus eligendi error enim eos.","199.33",195.14,197.61,"2.45",233.68,170.97,["Manufacturing","REIT","Finance","Banking","Semiconductors","100 Most Popular","Software Service"] 

"AAADE","Ward Conroy",17268,"Lunaborough","South Carolina",1903,34.62,"24.92","Quibusdam voluptatibus officiis dolor sequi nostrum odit autem magnam. Nihil magnam est. Voluptatem accusantium libero. Dignissimos ex voluptatem consequatur ipsam culpa ex et quia. Consectetur consequatur et ut. Aliquid porro velit aut autem illum excepturi repellendus.\n \rEt earum sed aut labore ullam libero qui officiis. Dicta amet non nihil omnis fugiat veniam qui repellat quia. Quibusdam quia earum rerum id dolorem. Dolor qui qui odit in rem et ut amet et. Sit minima odit numquam nostrum libero quia ea minima dolores. Voluptatibus cumque quia incidunt quas non amet.\n \rOmnis illo fuga dolorum. Qui rerum qui. Ut et aperiam et quia minus rerum fugit hic. Sit aut dolorem provident ea ut quo quidem rerum quis. Accusantium inventore sit in.","174.08",170.14,172.61,"18.88",208.68,145.97,["Social Media","New On TradeDesk","ETF","Finance","Manufacturing","Oil and Gas","Technology"] 

"AAADF","Kristian Abshire",3024,"McClureshire","Ohio",1898,33.75,"88.66","Debitis aspernatur necessitatibus facere error accusantium velit sunt delectus. Delectus iste eum commodi. Perferendis voluptatum voluptas voluptates explicabo beatae. Quaerat id rerum delectus eius odit cum rerum ab facere. Enim nam sapiente consequatur qui esse dolores nostrum suscipit aut.\n \rSaepe quia exercitationem dolor est esse asperiores praesentium unde. Non tenetur dignissimos excepturi rem rerum beatae. Accusantium doloremque commodi eum a omnis.\n \rVelit libero delectus. Laboriosam aut occaecati. Autem nihil voluptatem adipisci itaque nobis sapiente odit non et. Harum nisi adipisci facilis et minima doloremque. Sit pariatur magnam ut. Dignissimos ducimus laboriosam laborum officia quo dolores natus.","181.06",177.14,179.61,"2.43",215.68,152.97,["Automotive","Social Media","Technology","Health","Finance","100 Most Popular","REIT"] 

"AAADG","Ms. Levi O'Conner",1357,"Lake Reymundo","Ohio",1945,33.21,"53.37","Ad odit qui eum voluptatem blanditiis sit temporibus iste. Et aspernatur voluptatibus eum corporis. Adipisci expedita quaerat magni. Commodi voluptatem voluptas. Voluptatum illo hic non illo inventore omnis.\n \rHic repellat quia. Laborum non velit molestiae adipisci nulla aspernatur hic. Omnis officia molestias at minus qui tempora labore fugit. Fugiat sint et. Aut quia qui cupiditate tempore fugit debitis vel. Iure aut molestiae earum.\n \rQuae ut minima. Est voluptatem nihil omnis rerum minus saepe. Omnis deserunt quas quo at nobis quod ea. Maiores omnis cupiditate laborum. Et quis voluptatibus id ut est est culpa omnis ut.","192.06",188.14,190.61,"16.65",226.68,163.97,["Video Games","Consumer Products","ETF","Oil and Gas","New On TradeDesk","Materials","Finance"] 

"AAADH","Meagan McCullough",9898,"North Adrienneburgh","New Hampshire",1948,32.89,"86.48","Et maiores adipisci autem. Rerum enim quasi. Soluta et eveniet facere repudiandae. Quasi molestiae quo itaque. Consequatur et mollitia ut accusantium sit laboriosam quaerat.\n \rReprehenderit consequatur aut voluptatem et voluptatem qui. Praesentium quibusdam animi praesentium dolores quas in et sint quo. Nostrum architecto rem ut sint inventore iure sit veniam cum. Qui nostrum quo. Fugiat a iure velit aut. Officia molestias inventore voluptatem est rerum repellendus veniam sunt.\n \rMaiores quos beatae quia consequatur impedit occaecati facere. Et alias et quo sapiente. Illum ad odio omnis.","184.53",180.14,182.61,"12.27",218.68,155.97,["Retail","Entertainment","Finance","Consumer Products","Materials","Semiconductors","Health"] 

"AAADI","Darron Walker",3069,"North Wavamouth","Washington",1929,31.02,"68.64","Saepe corporis harum esse. Maiores veniam quia facilis et neque beatae. Optio perspiciatis nihil qui quia rerum eius beatae ut nostrum. Molestias dolores incidunt id est dolorem.\n \rAut aut aliquid aspernatur. Ex et veniam consequuntur. Est voluptatibus sit dicta architecto molestiae sed doloribus ab non. Beatae eum molestiae magnam illum quia vitae dicta laboriosam. Laboriosam tempore facere sapiente.\n \rAt vitae repellendus ab autem. Tenetur aut blanditiis ipsam. Voluptatem consequatur velit. Beatae vel occaecati aut soluta.","243.73",239.14,241.61,"26.14",277.68,214.97,["New On TradeDesk","Manufacturing","Technology","Finance","Semiconductors","Electronic","Entertainment"] 

"AAADJ","Raphaelle Kutch",17086,"Donaldside","Colorado",1961,30.21,"22.58","Atque aspernatur aspernatur quia consectetur. Sit maiores inventore in culpa consequatur ex. Pariatur iste dolores et ut cum. Et asperiores eius voluptatem asperiores et fuga eaque repellendus. Sit facere vel magnam dignissimos voluptatem aliquam repellat voluptatem.\n \rAspernatur animi consequatur neque. Laborum eligendi sed. Voluptate ut est rerum aut blanditiis maiores officia.\n \rDignissimos eaque qui atque possimus sed ea repudiandae et. Inventore ipsum nisi tenetur modi. Ut saepe voluptate a officia totam aut.","266.79",262.14,264.61,"31.45",300.68,237.97,["Upcoming Earnings","Consumer Products","Entertainment","Social Media","Materials","Aerospace","Manufacturing"] 

"AAADK","Willa Simonis",3346,"Roobfurt","Connecticut",1934,29.33,"57.98","Quidem quia a. Sapiente quia modi ratione harum aut quas aspernatur dignissimos. Ad officia laborum omnis voluptatem atque.\n \rQui earum tenetur sint quasi et quidem corrupti molestias eos. Enim sunt tempore quisquam atque delectus voluptates mollitia porro. Eos placeat ut laborum est unde sed. Quia sint cum quae minus officiis ea maxime iusto.\n \rSapiente praesentium dolorem. Repudiandae aut qui. Nam adipisci itaque delectus consequatur accusamus similique nihil. Sit repellat rerum.","243.78",239.14,241.61,"17.05",277.68,214.97,["Video Games","Electronic","100 Most Popular","Retail","Software Service","Banking","Oil and Gas"] 

"AAADL","Mrs. Heaven Runolfsdottir",7146,"D'Amorefurt","Arkansas",1898,27.78,"32.47","At nulla sed ratione omnis nihil et optio voluptatem. Distinctio deleniti adipisci consequatur aut sapiente aut. Quam officiis nostrum dignissimos voluptatem. Qui reiciendis dolorum repellendus vitae est eius. Perferendis itaque sequi veritatis rerum quo.\n \rAut id et quis quia ea voluptatum non nemo esse. Libero ut earum vel eius sit. Dignissimos voluptas nisi ipsa voluptatem. Vel aut voluptate non laborum voluptatem. Alias enim explicabo eum voluptatum voluptatem velit. Recusandae eum quod voluptatem et ab dolor quasi.\n \rExcepturi id vel. Quia veniam ab saepe dolore dolores similique porro architecto. Quidem eum voluptatem suscipit animi sint enim laudantium in quis. Nihil recusandae alias labore cumque temporibus sint. Fugiat placeat a molestiae in qui molestiae et voluptatibus.","235.94",231.14,233.61,"6.04",269.68,206.97,["Banking","Entertainment","100 Most Popular","Automotive","Oil and Gas","Energy","Finance"] 

"AAADM","Antwan Stoltenberg",3123,"East Feltonport","New York",1998,27.01,"49.70","Et id voluptatem sed doloremque in aut voluptatem harum aliquam. Odio temporibus et. Quia deserunt quia odit dolorem suscipit est.\n \rRecusandae aliquid perferendis sapiente consequuntur. Excepturi voluptates omnis commodi aut et doloremque et quia. Tenetur distinctio magnam. Et animi unde. Nisi culpa dolores omnis neque iste et velit. Non possimus dolores libero quis facere.\n \rSint deleniti porro sunt doloribus ut aut est. Beatae distinctio sapiente et neque quidem. Et non sunt harum eligendi. Placeat dicta tempore soluta sed ut sit corporis fugit.","148.90",144.14,146.61,"25.60",182.68,119.97,["ETF","Pharmaceutical","Aerospace","Upcoming Earnings","Materials","Oil and Gas","Internet"] 

"AAADN","Lisa Walker",771,"Russellberg","Rhode Island",1975,26.1,"61.57","Non animi dolores. Enim ut maxime dicta incidunt quam. Quia vel placeat ut vel dolores reiciendis consequatur qui. Laudantium molestiae magnam nobis dolor. Ea rerum esse tempore dolor sint iste blanditiis blanditiis neque. Est quo id error ullam voluptatibus quis fuga vitae.\n \rNecessitatibus exercitationem sequi provident laudantium laborum aspernatur rerum et. Pariatur sapiente vero esse. Optio laborum magnam laboriosam assumenda possimus vitae voluptatum culpa. Eius maiores et et.\n \rQuis ex officiis eius delectus. Consectetur quia perspiciatis nulla. Minus incidunt et veritatis voluptates ratione nemo consequatur nam ipsum. Commodi quidem vitae optio voluptatum sed numquam saepe dolore.","126.46",122.14,124.61,"3.42",160.68,97.97,["Semiconductors","Oil and Gas","Entertainment","Aerospace","Video Games","ETF","Banking"] 

"AAADO","Myron Kerluke",5498,"Arturostad","Mississippi",1920,25.57,"85.77","Quia hic ea. Dolores esse voluptates nostrum. Repudiandae qui et quidem et. Saepe culpa quisquam qui a. Consectetur laborum odit eius suscipit quos. Ut ipsa ut hic quo perferendis et nam.\n \rEum tenetur iste vel qui. Ut velit autem et. Aliquid rerum non nihil facilis aut. Blanditiis eaque quia quibusdam beatae corrupti est adipisci. Suscipit unde voluptate quia consequatur at.\n \rAccusantium veritatis ex porro odio exercitationem voluptatem aliquam illum. Tempora fuga provident consectetur ratione est sit rerum. Laborum aliquam dolor iusto neque dolorem sit sunt fuga ex. Quia rerum assumenda et amet corrupti quis explicabo. Dolor autem beatae molestiae doloremque odit et ipsam qui.","123.01",119.14,121.61,"19.38",157.68,94.97,["Energy","Oil and Gas","Video Games","100 Most Popular","Banking","Software Service","REIT"] 

"AAADP","Dean Zulauf",6676,"Blandaport","Pennsylvania",1917,25.27,"86.78","Laboriosam ut voluptate perspiciatis qui omnis minima dolor sunt numquam. Accusantium et aut possimus voluptatem sit maiores ad. Quidem ut dolores eum. Consequuntur ut a distinctio ab debitis. Delectus rerum minima cumque occaecati. Est harum commodi et exercitationem in incidunt voluptatem.\n \rConsequatur qui unde iure provident. Libero repudiandae iure dolorem iure eos dolores commodi. Sit dolore qui. Nihil reiciendis quasi officiis quod doloribus aut.\n \rLaborum voluptas harum. Temporibus sunt ad voluptas rerum atque soluta autem vitae. Et esse occaecati voluptatem quae deleniti nostrum aut expedita. Accusamus sunt dolores ducimus reprehenderit voluptatum et qui in sed. Voluptas deserunt quod porro ipsa accusamus eos consequatur aliquid voluptates. Ipsum dolorum dolore sed dignissimos quia deserunt facere quasi.","105.06",101.14,103.61,"37.83",139.68,76.97,["Social Media","Health","Internet","Software Service","Food","Electronic","Consumer Products"] 

"AAADQ","Katrine Schumm",5745,"Lake Arlieborough","Oklahoma",1927,24.84,"15.86","Non quam autem non. Autem velit ut corporis aut deserunt nam quod. Rerum quod fugiat vel quo dolorum.\n \rLaudantium vel explicabo. Qui qui voluptates blanditiis eos aut. In eum illo molestiae molestias.\n \rVoluptatibus doloribus eligendi aperiam repudiandae incidunt veniam sit. Debitis sed non nostrum et qui sed nisi consequatur. Ut sapiente deleniti qui iste dolores asperiores. Est eligendi sint voluptatem. Rerum aut aut corporis commodi.","51.66",47.14,49.61,"15.18",85.68,22.97,["Manufacturing","Food","Retail","REIT","Semiconductors","Entertainment","Health"] 

"AAADR","Sanford Predovic",14731,"Cronaborough","Iowa",1886,24.22,"19.86","Esse exercitationem atque harum. Qui non sed voluptate facilis adipisci porro. Et cupiditate eos enim hic aut molestiae odit sequi qui. Voluptatem nihil et voluptates ea impedit similique iste.\n \rSaepe eveniet id similique nostrum recusandae omnis. Cumque corrupti accusantium neque et accusamus sed voluptatum sed. Voluptatem illum omnis.\n \rAnimi enim nobis qui provident consequuntur dolor. Dicta qui voluptatem nihil totam. Et fugit dolore. Omnis rerum non voluptatibus sit eum consequatur. Perspiciatis adipisci nulla inventore rerum. Adipisci suscipit eligendi minus ut maiores voluptatem.","282.63",278.14,280.61,"19.16",316.68,253.97,["Electronic","Video Games","Aerospace","Social Media","100 Most Popular","Pharmaceutical","Finance"] 

"AAADS","Eric Padberg",11069,"Alberthaport","Arizona",1903,22.66,"89.06","Suscipit quia quia reiciendis. Qui sit unde repellat ipsa ipsum nobis cum doloribus reprehenderit. Pariatur laboriosam dolor consequatur quia delectus officiis omnis nam. Dignissimos est quis officiis ut consequatur autem dolorem non magni.\n \rUt ipsum totam eum quis. Sunt aut est ex aut facere rerum. Totam et rerum aperiam cumque velit. Quo sunt odit reprehenderit sunt enim.\n \rQui sapiente itaque ex doloribus nobis id sint. Dolorum eveniet error incidunt mollitia quia. Rerum quos est magni inventore aut.","231.54",227.14,229.61,"28.87",265.68,202.97,["New On TradeDesk","Technology","Video Games","Health","Social Media","Entertainment","Materials"] 

"AAADT","Mrs. Trudie Zboncak",6745,"West Alanaton","Alaska",1901,22.45,"81.49","Quia explicabo voluptas est autem. Pariatur repudiandae nisi enim eius et voluptas. At et est similique et et sint consequuntur temporibus eligendi. Culpa quia quod est magni quos. Omnis minus fugit at est fuga facere eos. Sequi reprehenderit nihil minima et.\n \rLaborum eligendi voluptas. Aut sequi fugit vel sit et. Non occaecati amet at. Sunt ex dicta et omnis alias voluptatibus itaque iste non. Quo possimus animi pariatur laudantium voluptas. Voluptates sequi rerum repellendus nobis soluta.\n \rItaque et omnis incidunt. Veritatis non deleniti dolores ad inventore totam quo est. Dolores accusantium quaerat neque non sunt eos. Repellat facilis voluptas labore cum corporis. Non in aperiam quia ab quos rem veritatis quisquam at.","52.97",48.14,50.61,"39.30",86.68,23.97,["Retail","Materials","Banking","REIT","Technology","Social Media","Food"] 

"AAADU","Keyon Batz",8817,"Wizastad","Maryland",1994,20.98,"15.17","Accusantium odit minima ad fugiat. Consequatur dolorum ea sunt totam voluptatum. Vitae blanditiis harum. Quae sed dolorem officiis blanditiis quia cumque et.\n \rNisi earum nesciunt et enim minima molestiae explicabo qui et. Consequatur doloribus quis et quia impedit. Quia nisi et. Non ad quo in natus ut reiciendis voluptatem cumque incidunt. Magnam possimus numquam.\n \rInventore quia hic. Quam minus voluptates. Error odio aut quia suscipit deserunt non corporis molestiae. Autem labore eum ipsa dicta. Vel id et et mollitia quis iure ratione non expedita.","258.47",254.14,256.61,"3.96",292.68,229.97,["Electronic","Manufacturing","Energy","Technology","Pharmaceutical","Retail","REIT"] 

"AAADV","Arvel Hauck",2568,"Walkerborough","Rhode Island",1993,18.94,"10.12","Numquam quo cupiditate ut qui et eos voluptas repudiandae. Aut voluptates ut quas error blanditiis aut iure rerum. Non nostrum rem pariatur sed vitae natus est repellendus amet.\n \rDucimus at sed dolorem accusantium necessitatibus exercitationem labore quis. Perspiciatis ut laboriosam. At id nam sunt ut molestias qui dolor. Tenetur et numquam suscipit voluptatem perspiciatis sed. Eius aut quibusdam voluptatem dolores.\n \rSit nulla aliquid sit impedit ut eveniet. Rerum eum quia delectus amet. Sed vel molestiae eveniet similique dolores. Porro et ea quasi.","148.10",144.14,146.61,"18.39",182.68,119.97,["Semiconductors","Consumer Products","Upcoming Earnings","ETF","Electronic","Materials","Social Media"] 

"AAAEA","Tyrese Vandervort",13496,"West Kassandraberg","Nevada",1909,18.4,"32.01","Deleniti dolorem quaerat molestiae tenetur. Velit earum qui voluptatem beatae quidem ut ipsa in. Quia modi non ut praesentium sunt.\n \rQuod fugiat amet esse blanditiis sequi id deserunt. Est dignissimos et reiciendis. Minus a et cupiditate quas in sit omnis tempore voluptatem. Ducimus suscipit eos recusandae maxime ipsa quia. In tenetur excepturi quia cupiditate corrupti. Cupiditate et placeat enim.\n \rNatus id commodi aliquam corrupti omnis. Aut fuga nesciunt omnis aut eius. Et magnam et animi vitae perspiciatis. Nobis qui ut est. Voluptate non iure id dignissimos eligendi dolores porro. Aspernatur aut consequatur rerum.","297.89",293.14,295.61,"36.96",331.68,268.97,["Internet","Banking","New On TradeDesk","Semiconductors","Electronic","Entertainment","Video Games"] 

"AAAEB","Ms. Conrad Upton",11319,"Chelseyview","Colorado",1937,17.66,"63.31","Aperiam perferendis nisi eum sapiente saepe suscipit dolore rerum nam. Ea commodi ratione aut eius. Velit nostrum tenetur cumque numquam aliquam doloribus quia totam. Consequatur est repudiandae facilis rerum magnam voluptatem est.\n \rReprehenderit beatae quo amet asperiores aliquam perferendis incidunt. Est porro molestias a nemo maxime fuga veritatis nihil. In quos tenetur.\n \rMolestiae error laboriosam. Autem repudiandae animi est. Nihil laborum dolorum iure. Deleniti sed cum eos commodi aut doloribus quo molestiae. Est consequuntur quidem voluptatum eum. Iste atque quaerat cupiditate et inventore qui sit sint sapiente.","296.28",292.14,294.61,"33.42",330.68,267.97,["Health","Aerospace","ETF","Manufacturing","Banking","Automotive","Technology"] 

"AAAEC","Jonathon Casper",17821,"North Herminatown","Utah",1968,17.35,"21.96","Quae voluptas dolor labore ratione molestiae dolorem non delectus maiores. Molestias magni qui quos accusantium dolorem. Accusantium consequatur ratione eius.\n \rAsperiores consequatur numquam aspernatur officiis voluptatibus modi. Aperiam fuga quod assumenda laborum rerum. Sed eaque et placeat aut sint aut eum.\n \rDelectus aut ex aut sed. Voluptas voluptatem accusamus sed rerum sed et in dolores incidunt. Tempore molestiae dolorem voluptas pariatur dolorum animi quos quibusdam. Fugiat natus repellat hic sint molestias distinctio accusantium.","135.01",131.14,133.61,"9.20",169.68,106.97,["Pharmaceutical","Finance","Banking","Semiconductors","Upcoming Earnings","Consumer Products","Automotive"] 

"AAAED","Orion Senger",15612,"North Willy","New York",1945,17.31,"62.30","Ratione molestiae exercitationem eligendi cupiditate libero. Sed consequatur voluptatem provident. Animi quo dolorem aspernatur deserunt labore nam.\n \rNemo fuga eos iste ab saepe. Aut nihil molestias officia aut. Et qui laboriosam at rerum dignissimos enim nisi dolorem vel.\n \rQuis aut temporibus. Labore perferendis quia. Aperiam enim eos ullam culpa accusamus. Dolores sunt quia quaerat. Quis nemo amet.","257.65",253.14,255.61,"35.96",291.68,228.97,["Consumer Products","REIT","Technology","New On TradeDesk","Software Service","100 Most Popular","Energy"] 

"AAAEE","Bertram Stroman",13005,"West Kayleefurt","Michigan",1941,16.58,"80.60","Alias vel nam sunt debitis velit. Tempora aliquid et quibusdam et. Consectetur eos optio ducimus dolorem rerum excepturi minus facilis. Amet dicta ut accusamus aliquid rerum facere. Sed laudantium nesciunt.\n \rQuis quo velit delectus et dicta explicabo voluptatem. Voluptates exercitationem iste repudiandae nostrum repellendus quis. Voluptatibus voluptatem rem rerum dolores sapiente qui.\n \rEos similique cumque maiores. Dolorem nesciunt ut deleniti occaecati itaque eos exercitationem. Neque ut impedit explicabo itaque recusandae placeat dolor.","172.73",168.14,170.61,"4.90",206.68,143.97,["Aerospace","Materials","Food","Manufacturing","Finance","Automotive","Entertainment"] 

"AAAEF","Dr. Lorenza Hessel",19282,"North Hayleyland","Alaska",1915,16.2,"78.25","Consectetur aut beatae ipsum rerum cupiditate accusamus eius. Id aut beatae recusandae asperiores. Delectus repellendus porro iste ea deleniti vero voluptatem enim dolores.\n \rNon aut reprehenderit. Repellat est est. Dolorem quasi ea libero eaque cum nobis. Enim blanditiis quia cupiditate quia quia voluptatem doloremque. Qui corporis magni provident delectus nulla qui praesentium asperiores porro.\n \rReiciendis sed accusantium quod facere consequatur molestiae. Et sed sed recusandae fuga non ea. Harum consequuntur possimus nesciunt distinctio.","264.36",260.14,262.61,"17.24",298.68,235.97,["Retail","Materials","Semiconductors","Food","Social Media","Internet","REIT"] 

"AAAEG","Ms. Jayme Weissnat",8151,"Krisside","Illinois",1980,15.71,"22.14","Rerum enim sint. Inventore nesciunt qui cupiditate est sed esse. Dolores quo atque est.\n \rAut dolorem accusamus earum tempora iste quod mollitia beatae ea. Natus ut eum eum repudiandae. Praesentium voluptatem provident consequatur enim ut ipsam. Maiores consequatur et labore. Temporibus quia optio nulla odio aut iure ipsum a optio. Unde ut illum fugit qui.\n \rDelectus esse voluptas doloribus dolores labore totam tenetur. Distinctio quo deleniti commodi aliquam nobis ut eveniet corrupti. Nam tempora dolore sit.","94.31",90.14,92.61,"28.59",128.68,65.97,["Retail","Food","Automotive","Oil and Gas","Software Service","REIT","Semiconductors"] 

"AAAEH","Candace Fisher MD",13120,"McKenziefurt","Connecticut",1903,15.54,"59.57","Illo corrupti magni harum a. Sint aut veniam ea fugiat laborum aut recusandae aut. Voluptatem asperiores voluptas aut consectetur consequatur nulla et quia. Eligendi soluta ipsum quidem voluptatem in ut odit voluptas ea. Similique labore facilis neque soluta. Iure tempore similique commodi ut veritatis qui ea quia.\n \rAut ratione et consequatur tempora aliquam qui. Nihil consectetur sint enim debitis illo ipsam maiores. Id voluptatem debitis sapiente. Dolore doloribus sequi ad voluptates ad dolores culpa molestiae. Qui blanditiis dolorem accusamus optio temporibus. Voluptatem modi recusandae.\n \rEaque et voluptas rem sit commodi sint necessitatibus et. Dolorem perspiciatis repellendus magni rerum. Sint ipsam aut ut ab qui quasi. Ut impedit itaque similique laborum occaecati omnis voluptas autem.","256.97",252.14,254.61,"5.20",290.68,227.97,["Consumer Products","Automotive","Software Service","Pharmaceutical","Entertainment","Banking","Electronic"] 

"AAAEI","Hildegard Kiehn",13817,"East Mossie","South Dakota",1977,15.53,"54.67","Qui illo aut repudiandae vero rerum qui deleniti. Dolorum et ut. Sunt non eum repellendus cupiditate et. Non nam reprehenderit et officiis. Quibusdam ipsa voluptatum sint fugiat voluptatibus tempore ullam omnis veniam.\n \rQuo eos iusto ipsam expedita eveniet officia fugiat. Aut consequatur ea. Tempora fuga ducimus rem quis qui expedita quo. Quidem voluptatem officia autem deleniti autem. Ab ab quis et sit rerum.\n \rDolores tempore est vero soluta facilis et. Sunt nihil autem. Quia praesentium quo error est.","106.61",102.14,104.61,"30.19",140.68,77.97,["Electronic","Health","Social Media","Oil and Gas","New On TradeDesk","Manufacturing","Upcoming Earnings"] 

"AAAEJ","Karolann Goldner MD",9788,"North Reymundofort","Idaho",2004,15.43,"29.73","Id consequuntur quasi qui est at aut dolorem numquam. Numquam voluptates modi quia. Et eius consequatur quam pariatur quis et alias. Sit vel debitis explicabo minus ullam voluptatem saepe. Rerum eius dicta dolor nisi. Architecto cupiditate ut libero repudiandae nemo odio.\n \rRepellendus illo sapiente id quia voluptas commodi veritatis nisi eaque. Ducimus sed harum corporis enim. Itaque et eos aperiam labore error voluptatem dolores qui.\n \rMagnam dolor excepturi maiores. Et non pariatur esse ad dolor eos eum. Sit est et. Animi officia dicta in dolores laborum recusandae deleniti. Animi eum et exercitationem consectetur ut. Cupiditate fuga earum ipsa.","154.73",150.14,152.61,"27.82",188.68,125.97,["Aerospace","Semiconductors","Banking","New On TradeDesk","Consumer Products","REIT","Energy"] 

"AAAEK","Alyson Hilll",16649,"Delmerton","Colorado",1917,14.83,"57.70","Voluptas dolorem sunt pariatur quia cupiditate ex dolorum dolores. Ad ipsum esse aut soluta doloribus cumque rerum corporis qui. Provident porro ad quia molestias. Corporis labore perferendis aliquid est laboriosam ab iusto voluptatem.\n \rRepellat excepturi necessitatibus qui debitis et. Sit inventore voluptatem eos ut harum praesentium autem eum. Aut eos et dolores adipisci. Dolores tenetur numquam in.\n \rOmnis assumenda molestiae reprehenderit. Quasi inventore mollitia sed dolor deleniti esse. Consequatur quia quis quis atque nobis amet. Ipsum omnis quos alias voluptatem itaque exercitationem asperiores maxime. Enim dolorem aut qui eveniet. Enim ut qui quae molestiae id et.","109.37",105.14,107.61,"14.07",143.68,80.97,["Software Service","New On TradeDesk","Oil and Gas","Entertainment","Semiconductors","Energy","Finance"] 

"AAAEL","Rosalia Kuvalis",11926,"Wendellmouth","Montana",1883,14.53,"20.16","Ea dolorem ad velit ad possimus ratione quibusdam aperiam et. Hic iste nam ut saepe qui. Fugiat optio blanditiis accusamus. Molestiae et maxime impedit. Asperiores in non ducimus.\n \rNemo repellat qui. Exercitationem aut harum sequi sit ut placeat dolorem. Aut aut eveniet ex modi. Occaecati ad blanditiis sit dolor ut. Est cupiditate inventore provident natus. Occaecati reiciendis suscipit rerum maxime enim atque.\n \rNulla sit similique maiores enim non. Quia praesentium reprehenderit ex fuga rerum dolore expedita. Qui dolorem laudantium qui ut saepe ut voluptatem.","239.08",235.14,237.61,"25.56",273.68,210.97,["Social Media","Food","Entertainment","Aerospace","Finance","Banking","Consumer Products"] 

