symbol,CEO,employees,HQc,HQs,founded,MC,PER,description,high,low,open,volume,yearHigh,yearLow
"AAAAJ","Linnea Wolf",18506,"Spinkaside","Oregon",1912,106.77,"46.54","Reiciendis expedita voluptate dolorum nihil assumenda. Temporibus commodi et. Laudantium sed porro quasi. Minima quia quis esse quo at et eligendi non. Omnis voluptatem non numquam.\n \rMagni voluptatum facilis. Delectus est animi ea quibusdam quasi maiores iste mollitia ea. Modi fuga sapiente voluptas ratione quis eius sint a enim. Ipsum reprehenderit nam.\n \rTempore maiores molestiae iusto. Debitis autem nihil rem dolores nam sed consequatur quae. Rerum ipsum ipsam eum. Odio rerum et qui eius laborum aut voluptas. Omnis ut culpa excepturi sed commodi.","131.23",127.14,129.61,"37.21",165.68,102.97
"AAAAI","Michael Hickle II",6508,"Jairomouth","Oklahoma",1944,81.9,"57.96","Quaerat fugiat quia repellat beatae non ipsam. Reiciendis officiis repellendus animi numquam saepe pariatur recusandae deleniti. Reiciendis velit quisquam voluptas dolorem itaque rerum ut quisquam.\n \rUt soluta rerum qui qui facilis labore odit. Perspiciatis sit soluta dolor. Odit neque nisi aut excepturi. Assumenda qui nesciunt dolorem dolores fugit quia enim. Neque corporis adipisci sit sint inventore natus rerum quia. Autem quis debitis veniam est quod et eum.\n \rExpedita fugit et occaecati unde ea omnis earum. Animi repellat accusantium distinctio quis pariatur et similique. Quos iusto soluta est sed asperiores nostrum voluptas quam ex.","70.77",66.14,68.61,"6.99",104.68,41.97
"AAAAH","Misty Eichmann",13683,"West Kattie","Connecticut",1897,35.46,"13.66","Ab culpa quia rerum. Perspiciatis et distinctio nisi. Et nihil molestias velit. Sed ipsum quis quia eum quam eveniet officia autem sint. Reiciendis sunt quam consectetur unde eum explicabo facilis. Ut nihil unde laboriosam ut veniam quia.\n \rAut aspernatur ipsam tempora. Repellat ut sunt officiis in. Dolores quos quo. Et blanditiis blanditiis ut consequatur harum quia. Minima ullam minus molestiae amet architecto voluptatem quo deserunt.\n \rEt amet commodi reprehenderit. Earum tenetur placeat. Est iure repellat beatae quia. Et expedita sunt deserunt quo voluptatem dolore quos itaque dolore. Aut nulla quo.","144.78",140.14,142.61,"7.75",178.68,115.97
"AAAAG","Emmanuelle Huel",14448,"West Arno","New York",1969,16.58,"88.17","Sint mollitia id quasi ducimus et animi. Aut voluptatibus qui consequatur similique perspiciatis necessitatibus odio cupiditate distinctio. Suscipit dolor consectetur error deleniti corporis.\n \rConsequatur error sequi at est quia molestias est. Rerum iure eum culpa sit voluptatem rerum aliquam. Nulla qui nam velit sed assumenda. Aut vel fugiat. Ipsam excepturi quasi culpa vel aliquid ea sunt deleniti. Corrupti explicabo voluptatum unde eius quo.\n \rDoloremque dolorum sint iste. Facere porro et consectetur sed. Voluptas quis id temporibus totam voluptas odit.","93.05",89.14,91.61,"7.86",127.68,64.97
"AAAAF","Dianna Braun",11292,"Beahanland","New Mexico",2009,64.43,"22.74","Provident vel in. Unde dolorum aliquid repellat. Vel qui ut dolor distinctio id beatae voluptatem quia.\n \rEst dignissimos labore ipsum rerum tempora quidem. Et nobis qui totam iure quidem ipsa deleniti vel architecto. Sed doloremque voluptas sed. Quia corrupti corrupti est quo. Enim beatae voluptas consequuntur non sunt qui occaecati quis quasi. Perspiciatis nihil culpa est ut.\n \rEt cum non pariatur repudiandae nam. Neque voluptatum assumenda officia aut et. Architecto tempore velit eum sint eius culpa pariatur porro. Dolorum fugit illo iste dolores qui et. Qui vero quas.","238.63",234.14,236.61,"27.94",272.68,209.97
"AAAAE","Rashawn Hauck DDS",11090,"Port Nicolas","Massachusetts",1948,29.33,"82.32","Officiis molestiae qui a architecto nobis recusandae aut repellat in. Maiores numquam dolor maiores est qui. Aut et architecto facere repudiandae est quod at molestiae.\n \rNatus quo dolorum debitis soluta sed et praesentium est. Quam illum assumenda qui praesentium qui nobis aut. Id aspernatur sed. Voluptatibus reiciendis corporis eos quidem explicabo.\n \rMollitia animi maxime. Aliquid aut tempore sint sint. Doloremque omnis praesentium repellat recusandae. Non magni sapiente est occaecati est maiores.","286.49",282.14,284.61,"33.77",320.68,257.97
"AAAAD","Alfonso Bode",15803,"Sydnichester","Pennsylvania",1949,71.9,"79.33","Excepturi ratione nam et aliquam reiciendis tempora. Ut impedit dolorem aut fugit autem quaerat eos eaque enim. Excepturi facilis dicta. Dolores dolor sint optio voluptas soluta qui ducimus assumenda molestiae.\n \rIpsum ut eum beatae aut ut delectus omnis voluptatem quia. Corporis ut minus. Distinctio optio quae ut laboriosam ipsa dignissimos. Itaque rem delectus perspiciatis temporibus tenetur quam est quo. Sed deleniti molestias est voluptatem est facilis ut modi. Qui qui reiciendis.\n \rAut deserunt officia aut consequatur laudantium sunt explicabo dolor iste. Commodi provident consectetur dolor. Occaecati et odit. Omnis voluptatem quidem. Enim dolores unde provident esse tempora quaerat eveniet quidem sint. Perspiciatis ipsam et culpa veritatis commodi non sint et.","295.60",291.14,293.61,"13.32",329.68,266.97
"AAAAC","Terence Toy",5479,"Stromanton","Nevada",1955,52.44,"47.14","Aut ad et nisi quas. Libero quasi earum dolor dignissimos saepe laborum reprehenderit. Esse maxime doloribus sint minus eum.\n \rConsequuntur dolores sed et dolore minus ea omnis. Atque facere temporibus necessitatibus impedit quaerat. Assumenda eius iusto facere rem beatae occaecati facilis molestias inventore. Unde nobis qui. Velit non blanditiis enim quia hic voluptates ipsa et.\n \rId aliquam eum enim. Quas maxime voluptas. Fuga minus voluptas perferendis.","211.74",207.14,209.61,"26.22",245.68,182.97
"AAAAB","Gina Altenwerth Sr.",19981,"Gerlachburgh","West Virginia",2000,17.31,"77.57","Nemo quia dolore inventore. Laboriosam veritatis provident tempore pariatur delectus ut ratione facilis. Et id distinctio earum. Voluptate eveniet odit numquam ipsa illo qui. Est aut occaecati officiis. Omnis corrupti rem quos id atque in.\n \rBeatae ipsam exercitationem illo. Optio voluptatem quis. Autem numquam nisi consequatur facere maxime facilis. Quibusdam ducimus aliquid reiciendis et dolore cum non.\n \rPossimus porro omnis vero. Voluptates voluptate qui eum repellat ab eos reiciendis quia vel. Ea autem non.","169.64",165.14,167.61,"8.41",203.68,140.97
"AAAAA","Jane Blanda",2256,"Anastasiamouth","Montana",1880,880.76,"71.40","Iure eum blanditiis qui mollitia. Eum minima qui quis molestiae debitis veniam. Blanditiis nam suscipit ut expedita quod voluptas itaque est.\n \rQui qui corporis vitae debitis. Qui illo fuga dolores libero velit. In molestiae nostrum qui accusantium. Voluptatem exercitationem qui similique omnis id atque pariatur. Dolores placeat quis voluptatem tenetur hic culpa omnis.\n \rCorporis totam possimus non quia ea est. Accusamus ut est id omnis dolores aliquam quia neque ut. Aliquam enim eius eum ut est in reprehenderit. Sed impedit voluptatem aliquid. Et et quis.","246.07",242.14,244.61,"24.93",280.68,217.97
