symbol|CEO|employees|HQc|HQs|founded|MC|PER|description|high|low|open|volume|yearHigh|yearLow|tags
"AAAAJ"|"Bennett Smitham"|17349|"North Verlieville"|"Tennessee"|2004|25.27|"55.54"|"Iure ducimus doloribus velit qui culpa et. In ullam omnis et nostrum sit non. Eveniet repellat ea soluta ipsum iure rerum. Dicta error quis nulla consequuntur nam nihil quas voluptatem qui.\n \rExplicabo non amet voluptatem perferendis recusandae. Mollitia commodi ipsam beatae. Inventore dolores praesentium nihil qui autem. Eveniet eos aspernatur qui sit et soluta nulla nobis.\n \rOptio eum omnis dolores quidem aut. Odit enim officiis fugiat. Placeat ducimus hic maxime placeat magnam laboriosam voluptas ea. Suscipit vel porro quia veritatis nemo eos itaque. Quia soluta non. Omnis et nulla nihil repellendus quia enim pariatur minima."|"243.74"|239.14|241.61|"19.02"|277.68|214.97|{"Banking","New On TradeDesk","Electronic","Food","Finance","Pharmaceutical","Internet"}
"AAAAI"|"Elfrieda Kautzer"|6173|"Ramiroport"|"Vermont"|1880|24.84|"24.34"|"Vel aut vitae laudantium reprehenderit accusantium in. Deserunt fuga id voluptas nostrum corrupti voluptatem. Dolor sunt reiciendis quasi omnis. Distinctio cumque et recusandae. Consequatur sit et pariatur est quasi ipsum quisquam est eos.\n \rCorporis aut rerum autem maiores qui. Ipsum eaque facere consequatur sit perspiciatis. Dolor autem occaecati temporibus sunt consectetur inventore. Eaque aut illo ab repudiandae alias alias quam.\n \rEos velit quia debitis reprehenderit officia sit beatae. Velit autem est sit. Quasi impedit exercitationem asperiores sed."|"106.05"|102.14|104.61|"35.23"|140.68|77.97|{"Automotive","Retail","Consumer Products","New On TradeDesk","Technology","Manufacturing","REIT"}
"AAAAH"|"Alysha Beahan"|19627|"Jadaburgh"|"New Mexico"|1913|222.6|"89.08"|"Et suscipit eveniet aut alias veniam quae. Ea optio cupiditate nihil natus reprehenderit ipsum. Voluptatem fuga aut odit aut. Assumenda odio dolorem dolores omnis aut.\n \rEt sed incidunt perspiciatis. Iusto velit hic quidem voluptatum. Ipsum cum aliquam voluptate nihil pariatur perferendis a.\n \rEarum cumque alias recusandae veritatis. Molestias modi quia labore eum odio recusandae corporis. Nobis ut atque reprehenderit voluptatem. Ullam non voluptatem id vel sed excepturi quia nihil. Itaque qui qui sint corporis maiores ipsam. Quae mollitia nam labore alias."|"296.61"|292.14|294.61|"22.28"|330.68|267.97|{"Banking","Internet","Food","Oil and Gas","Retail","REIT","Automotive"}
"AAAAG"|"Rosanna Nienow"|7776|"Yasminehaven"|"Mississippi"|1895|40.02|"54.09"|"Consectetur nobis officiis debitis eaque est dignissimos facere et temporibus. Rerum in et totam sint id nostrum. Est labore mollitia itaque id.\n \rEx laborum dolor voluptatem deserunt ut quibusdam. Dicta id sit ex repellendus. Sit voluptatem quia vel quisquam deserunt omnis reiciendis eligendi cum. Animi illum perferendis autem. Maxime id dolores.\n \rQuam maxime in dolor alias consectetur et laudantium ut totam. Nesciunt tempore odit rerum vel eius est. Deserunt officia dolorem eos laborum similique labore ut consequatur dolores. Dolorem pariatur eos odio nulla vero enim quaerat quod. Tenetur tenetur est quam esse quasi non quibusdam distinctio. Dolor voluptatem magni eaque."|"216.07"|212.14|214.61|"25.42"|250.68|187.97|{"Automotive","Materials","Software Service","Technology","Internet","Consumer Products","Manufacturing"}
"AAAAF"|"Fredy Schowalter"|16063|"South Arnaldoburgh"|"Hawaii"|1960|77.77|"46.07"|"Id quia odit libero necessitatibus iure. Itaque pariatur hic. Quas enim ea aliquam exercitationem ut quisquam.\n \rImpedit aut totam aut eligendi eligendi atque enim et quas. Dolorem harum laudantium in. Modi est velit dolorem vitae. Accusamus incidunt quaerat ducimus qui eos et et.\n \rVoluptatibus fugiat numquam. Debitis sit non nisi ratione nobis. Laboriosam iusto qui nostrum sunt laboriosam mollitia."|"147.85"|143.14|145.61|"39.91"|181.68|118.97|{"Semiconductors","Aerospace","Energy","Technology","REIT","Entertainment","Software Service"}
"AAAAE"|"Miss Willow Kassulke"|13834|"West Gerald"|"Indiana"|1916|59.66|"14.04"|"Rem ipsum asperiores. Voluptatem et tenetur nulla nobis nihil. Excepturi blanditiis aut cum. Quae quod dolores quos culpa. Et consequuntur molestias eligendi consequatur officia sequi unde impedit. Quaerat molestiae placeat non aut placeat voluptatem natus.\n \rVoluptatem quia qui doloremque nulla fuga molestiae sit illum laudantium. Nemo ratione omnis numquam esse et similique aperiam voluptatem. Dolores ipsa velit voluptatem nam aut fuga. Facilis aliquid nihil adipisci architecto ullam incidunt debitis voluptatem. Quis totam voluptatibus exercitationem quam quae fuga voluptatem minima.\n \rVoluptas ut est molestias labore. Et voluptas debitis. Odit aut odio laboriosam quidem."|"181.61"|177.14|179.61|"8.80"|215.68|152.97|{"Materials","Automotive","Banking","Consumer Products","Food","Health","Entertainment"}
"AAAAD"|"Durward Barrows"|2303|"West Wilber"|"Maryland"|1888|327.26|"80.11"|"Harum qui ipsa. Et molestiae quisquam enim tempore eos. Sunt fugit modi provident. Quisquam esse delectus explicabo incidunt.\n \rDebitis quas ut alias voluptatibus tempora exercitationem. Architecto aliquam facere et autem vitae eos. Atque totam quisquam.\n \rVitae dolore magnam. Est qui qui architecto. Animi vel aperiam amet dolores corporis eos eaque voluptatem. Qui qui expedita impedit corrupti voluptatem sint. Nulla ab dicta sit consequuntur aut. Voluptas et qui adipisci autem commodi rerum eveniet."|"74.57"|70.14|72.61|"19.94"|108.68|45.97|{"Internet","Software Service","Materials","Video Games","Finance","Entertainment","Technology"}
"AAAAC"|"Shad Kertzmann"|15428|"Marjoryborough"|"Wisconsin"|1887|234.32|"48.82"|"Nulla voluptatem eveniet repellat dolores et consequatur facere corrupti placeat. Veniam animi quod unde nihil aperiam. Est provident maxime eaque inventore.\n \rVero perspiciatis mollitia nam est voluptatibus sunt aut quasi exercitationem. Sequi autem ipsa molestias ipsam. Qui aut officiis id veniam aspernatur cum sapiente ut non. In quia quo. Quod culpa soluta perspiciatis consequatur debitis amet voluptates. Consectetur non doloribus necessitatibus consequatur molestias sit eaque.\n \rTotam occaecati quia porro nihil nemo ullam blanditiis. Fugiat quidem occaecati et. Omnis enim veritatis."|"299.45"|295.14|297.61|"2.27"|333.68|270.97|{"Technology","Video Games","Manufacturing","Semiconductors","Upcoming Earnings","Entertainment","Oil and Gas"}
"AAAAB"|"Lucas Rodriguez"|4124|"Port Effie"|"Alaska"|1931|38.62|"44.72"|"Saepe quia eos nobis cupiditate odit repellat in nulla voluptatum. Nemo exercitationem hic et autem et iusto in eum quis. Facere laudantium expedita reiciendis architecto velit.\n \rEst ratione qui magni nisi. Culpa placeat officia recusandae. Ipsum tempora quis facere numquam at rerum blanditiis. Modi illo placeat ducimus cupiditate voluptatem non rerum.\n \rQuisquam ut corrupti illum officia nostrum. Dolor autem asperiores aliquam esse quam dolorem nisi corrupti. Rerum officiis ut facere in. Et dolore rerum dolorum deleniti."|"170.68"|166.14|168.61|"1.10"|204.68|141.97|{"REIT","Materials","Video Games","ETF","Consumer Products","Retail","Health"}
"AAAAA"|"Perry Murphy"|1681|"New Janefort"|"Alaska"|1922|25.57|"36.52"|"Dicta modi ratione reprehenderit ab et. Deserunt ut repellat dolores. Cumque voluptates possimus. Quia quos eum aut.\n \rAlias aliquam nobis quisquam voluptatibus et illo. Exercitationem maxime nisi at temporibus. Et sequi reprehenderit ea voluptates nulla corrupti. Repellendus saepe dolores porro deserunt necessitatibus adipisci praesentium fuga dolor.\n \rVelit dicta accusantium est est aut non. Ea omnis sapiente sunt fugit quia odit. Autem quam aut amet qui. Autem accusantium minus vel molestiae aut reprehenderit est voluptate ut."|"102.45"|98.14|100.61|"28.75"|136.68|73.97|{"Entertainment","100 Most Popular","Video Games","Software Service","Finance","Oil and Gas","Social Media"}
